i,j,rel_a,rel_b,scene,yaw_diff_deg,pitch_diff_deg,rot_deg,forward_angle_deg,baseline_m
19957,20142,5f0041e53d59d67c3ca25db97b269db183a532c4566a6bc46ca0e69cfa4234ad/nerfstudio/images_4/frame_00136.png,5f0041e53d59d67c3ca25db97b269db183a532c4566a6bc46ca0e69cfa4234ad/nerfstudio/images_4/frame_00321.png,5f0041e53d59,75.1472,3.3643,75.8118,75.1988,10.6216
38816,39003,d3812aad538261e7f73c75762ff55f23b468bcc76f376d52ac86ca6cf3c44b4b/nerfstudio/images_4/frame_00129.png,d3812aad538261e7f73c75762ff55f23b468bcc76f376d52ac86ca6cf3c44b4b/nerfstudio/images_4/frame_00316.png,d3812aad5382,79.6834,21.7021,81.3771,80.1934,3.9364
39840,40083,d8de66037bd03dd0d39d54f9978bac3318d912e30e22c21e1ada82a98ed48c53/nerfstudio/images_4/frame_00111.png,d8de66037bd03dd0d39d54f9978bac3318d912e30e22c21e1ada82a98ed48c53/nerfstudio/images_4/frame_00354.png,d8de66037bd0,72.5668,11.6105,73.3036,73.271,6.1109
11799,11969,387eeb925ba47af5db9ce6102aaf6b07e6d3573b7e7568dda4cef22d5ab1342f/nerfstudio/images_4/frame_00107.png,387eeb925ba47af5db9ce6102aaf6b07e6d3573b7e7568dda4cef22d5ab1342f/nerfstudio/images_4/frame_00277.png,387eeb925ba4,60.0271,28.9529,67.7805,65.9024,8.908
15602,15625,493816813d2d6d248eb3c2b0b77b63e54235266e9a06e270fd0d282f13960493/nerfstudio/images_4/frame_00289.png,493816813d2d6d248eb3c2b0b77b63e54235266e9a06e270fd0d282f13960493/nerfstudio/images_4/frame_00312.png,493816813d2d,66.9011,6.1936,67.1848,66.6865,4.1044
20915,21037,66fd66cbed40a2d11ecd17ae6d6d60cd60d476616864ecdd351fe69e644f30a1/nerfstudio/images_4/frame_00031.png,66fd66cbed40a2d11ecd17ae6d6d60cd60d476616864ecdd351fe69e644f30a1/nerfstudio/images_4/frame_00153.png,66fd66cbed40,60.3609,3.5303,60.3602,60.3393,3.9753
16025,16163,4ff8650b5c1140e98d957fbd1abbe2cfbbb416b37cb9f06f7f376956703801bb/nerfstudio/images_4/frame_00025.png,4ff8650b5c1140e98d957fbd1abbe2cfbbb416b37cb9f06f7f376956703801bb/nerfstudio/images_4/frame_00163.png,4ff8650b5c11,85.2711,1.5086,87.1338,77.8218,5.0761
19584,19703,5c8dafad7d782c76ffad8c14e9e1244ce2b83aa12324c54a3cc10176964acf04/nerfstudio/images_4/frame_00124.png,5c8dafad7d782c76ffad8c14e9e1244ce2b83aa12324c54a3cc10176964acf04/nerfstudio/images_4/frame_00243.png,5c8dafad7d78,60.4375,3.6206,60.4017,60.3949,5.293
31320,31358,a62c330f5403e2e41a82a74c4e865b705c5706843b992fae2fe2e538b122d984/nerfstudio/images_4/frame_00309.png,a62c330f5403e2e41a82a74c4e865b705c5706843b992fae2fe2e538b122d984/nerfstudio/images_4/frame_00347.png,a62c330f5403,62.4478,29.245,68.3798,68.3231,2.3413
35357,35651,ba55c875d20c34ee85ffc72264c4d77710852e5fb7d9ce4b9c26a8442850e98f/nerfstudio/images_4/frame_00048.png,ba55c875d20c34ee85ffc72264c4d77710852e5fb7d9ce4b9c26a8442850e98f/nerfstudio/images_4/frame_00342.png,ba55c875d20c,51.2755,3.5578,51.8431,51.1763,3.832
40940,41092,d9f4c746e6fa456323601b8ca05357c5585d34663c765107d901b4fd929d784b/nerfstudio/images_4/frame_00044.png,d9f4c746e6fa456323601b8ca05357c5585d34663c765107d901b4fd929d784b/nerfstudio/images_4/frame_00196.png,d9f4c746e6fa,66.7583,3.8244,67.1683,66.8551,8.4931
18817,18842,5a69d1027b477be4d2933b765723d57b272e0ace96be7885306464d54aa2c038/nerfstudio/images_4/frame_00003.png,5a69d1027b477be4d2933b765723d57b272e0ace96be7885306464d54aa2c038/nerfstudio/images_4/frame_00028.png,5a69d1027b47,80.4423,3.717,80.4628,80.4069,5.678
9140,9281,2beaca318994c25409dcbb6d0bdd96c3620f2f18aec44ea3f20edd302f18ca78/nerfstudio/images_4/frame_00183.png,2beaca318994c25409dcbb6d0bdd96c3620f2f18aec44ea3f20edd302f18ca78/nerfstudio/images_4/frame_00324.png,2beaca318994,53.1835,7.8198,53.7826,53.7061,6.8194
36258,36283,c37109a55effe0000f8e40652ca935376e75bcb2a0b56de8eabd20a26e2a0f68/nerfstudio/images_4/frame_00212.png,c37109a55effe0000f8e40652ca935376e75bcb2a0b56de8eabd20a26e2a0f68/nerfstudio/images_4/frame_00237.png,c37109a55eff,68.4001,3.5589,68.4301,68.4155,2.8256
9526,9575,2cbfe28643b6636f9c70813cae7625aa858a352109493ac70fb429ce94dd55b3/nerfstudio/images_4/frame_00206.png,2cbfe28643b6636f9c70813cae7625aa858a352109493ac70fb429ce94dd55b3/nerfstudio/images_4/frame_00255.png,2cbfe28643b6,57.91,0.3609,58.3597,57.3047,4.7724
29917,29989,9e9a89ae6fed06d6e2f4749b4b0059f35ca97f848cedc4a14345999e746f7884/nerfstudio/images_4/frame_00319.png,9e9a89ae6fed06d6e2f4749b4b0059f35ca97f848cedc4a14345999e746f7884/nerfstudio/images_4/frame_00391.png,9e9a89ae6fed,52.3147,5.9155,52.3327,51.5846,5.1273
9983,10034,32c2b92fac40c698fa92de008a9aad0857168d255363a850a89de88b5b3ec42e/nerfstudio/images_4/frame_00014.png,32c2b92fac40c698fa92de008a9aad0857168d255363a850a89de88b5b3ec42e/nerfstudio/images_4/frame_00065.png,32c2b92fac40,59.4658,4.1471,61.2636,59.5175,6.1295
16548,16573,50c46cf8b8b22c8d2ffdef8964b05ddbceaef312c9a9ff331d1ecebfd223f72a/nerfstudio/images_4/frame_00206.png,50c46cf8b8b22c8d2ffdef8964b05ddbceaef312c9a9ff331d1ecebfd223f72a/nerfstudio/images_4/frame_00231.png,50c46cf8b8b2,53.4223,5.2214,52.8869,52.303,3.2916
23880,23998,7a9f97660be8f2421b37dd413c898360532f17c6447c11515e8aded2d80eb99d/nerfstudio/images_4/frame_00048.png,7a9f97660be8f2421b37dd413c898360532f17c6447c11515e8aded2d80eb99d/nerfstudio/images_4/frame_00166.png,7a9f97660be8,56.6803,14.4669,58.4929,58.1559,3.075
6393,6480,1da888bdedfc9629c0fa9f82cf3f5d96f8103baee0ff64d9311aea1224a9f2ae/nerfstudio/images_4/frame_00153.png,1da888bdedfc9629c0fa9f82cf3f5d96f8103baee0ff64d9311aea1224a9f2ae/nerfstudio/images_4/frame_00240.png,1da888bdedfc,62.9788,12.5331,64.2933,64.0812,5.4323
45737,45898,ec305787b70029b782c71c1bf296c3885c7c22619e5661bd40085533ddfee5e4/nerfstudio/images_4/frame_00151.png,ec305787b70029b782c71c1bf296c3885c7c22619e5661bd40085533ddfee5e4/nerfstudio/images_4/frame_00312.png,ec305787b700,79.8636,16.55,81.2064,81.1961,1.5335
2624,2661,0a1b7c20a92c43c6b8954b1ac909fb2f0fa8b2997b80604bc8bbec80a1cb2da3/nerfstudio/images_4/frame_00230.png,0a1b7c20a92c43c6b8954b1ac909fb2f0fa8b2997b80604bc8bbec80a1cb2da3/nerfstudio/images_4/frame_00267.png,0a1b7c20a92c,61.0745,4.781,64.7071,60.0235,4.2221
39486,39706,d4fbeba0168af8fddb2fc695881787aedcd62f477c7dcec9ebca7b8594bbd95b/nerfstudio/images_4/frame_00081.png,d4fbeba0168af8fddb2fc695881787aedcd62f477c7dcec9ebca7b8594bbd95b/nerfstudio/images_4/frame_00301.png,d4fbeba0168a,87.2756,16.0287,88.746,88.3191,7.8099
28312,28416,946f49be73928469000baa5ca04d2573137c5ee6a66362bcf8d130354dca8924/nerfstudio/images_4/frame_00190.png,946f49be73928469000baa5ca04d2573137c5ee6a66362bcf8d130354dca8924/nerfstudio/images_4/frame_00294.png,946f49be7392,56.8664,0.0333,58.9085,56.1653,5.8979
35170,35293,b92b499c9bf92327d5f3a44c9db49bde3400dcb1cfec48d6488831e2b304d0bb/nerfstudio/images_4/frame_00188.png,b92b499c9bf92327d5f3a44c9db49bde3400dcb1cfec48d6488831e2b304d0bb/nerfstudio/images_4/frame_00311.png,b92b499c9bf9,74.3367,2.5357,74.9841,74.0732,7.004
29004,29166,9c8c0e0fadd97abf60088f667eba058ef077a71a8c0f5a4eff2782aa97f1ceb8/nerfstudio/images_4/frame_00187.png,9c8c0e0fadd97abf60088f667eba058ef077a71a8c0f5a4eff2782aa97f1ceb8/nerfstudio/images_4/frame_00349.png,9c8c0e0fadd9,54.7972,30.3691,62.5085,60.5211,3.667
3075,3091,0bfdd020cf475b9c68e4b469d1d1a2d0cad303eefe8b78fb2307855afdaac8be/nerfstudio/images_4/frame_00037.png,0bfdd020cf475b9c68e4b469d1d1a2d0cad303eefe8b78fb2307855afdaac8be/nerfstudio/images_4/frame_00053.png,0bfdd020cf47,61.4655,2.5137,61.523,61.4553,3.1557
19300,19416,5c3af581028068a3c402c7cbe16ecf9471ddf2897c34ab634b7b1b6cf81aba00/nerfstudio/images_4/frame_00142.png,5c3af581028068a3c402c7cbe16ecf9471ddf2897c34ab634b7b1b6cf81aba00/nerfstudio/images_4/frame_00258.png,5c3af5810280,55.3614,0.4575,55.3372,55.3279,8.0367
23125,23194,75fbbe467353cfdeb93bc1872144855576797be83a0c71c51155ee6b355d6d5e/nerfstudio/images_4/frame_00020.png,75fbbe467353cfdeb93bc1872144855576797be83a0c71c51155ee6b355d6d5e/nerfstudio/images_4/frame_00089.png,75fbbe467353,68.4679,0.9518,69.8637,67.3937,6.9838
9670,9696,2f3e1c0f688c84cec67f9a1ea219c54c14ffabf31a046e620dacc690cac2f1bd/nerfstudio/images_4/frame_00046.png,2f3e1c0f688c84cec67f9a1ea219c54c14ffabf31a046e620dacc690cac2f1bd/nerfstudio/images_4/frame_00072.png,2f3e1c0f688c,64.3747,4.5338,65.0234,64.4085,5.0585
22461,22562,70eac6ff18a1daae4eeccc5eb18723eaf7e029a77e79c79d9573f7bac59ba92b/nerfstudio/images_4/frame_00015.png,70eac6ff18a1daae4eeccc5eb18723eaf7e029a77e79c79d9573f7bac59ba92b/nerfstudio/images_4/frame_00116.png,70eac6ff18a1,50.28,2.4425,52.6563,49.6957,7.7786
47989,48103,fb2c0499c225d6124938cadcf0dc48cbb490551b8a69c98386491c1366163632/nerfstudio/images_4/frame_00102.png,fb2c0499c225d6124938cadcf0dc48cbb490551b8a69c98386491c1366163632/nerfstudio/images_4/frame_00216.png,fb2c0499c225,60.7937,3.8198,60.8983,60.8976,6.3142
19555,19720,5c8dafad7d782c76ffad8c14e9e1244ce2b83aa12324c54a3cc10176964acf04/nerfstudio/images_4/frame_00095.png,5c8dafad7d782c76ffad8c14e9e1244ce2b83aa12324c54a3cc10176964acf04/nerfstudio/images_4/frame_00260.png,5c8dafad7d78,56.8739,6.9053,57.2551,57.2303,5.1783
48047,48171,fb2c0499c225d6124938cadcf0dc48cbb490551b8a69c98386491c1366163632/nerfstudio/images_4/frame_00160.png,fb2c0499c225d6124938cadcf0dc48cbb490551b8a69c98386491c1366163632/nerfstudio/images_4/frame_00284.png,fb2c0499c225,85.7663,0.2299,85.6548,85.5766,7.3364
26014,26169,8cb2e97d26a639f05a571476240a8fa86988e6853f0f13cc05830d1578002aad/nerfstudio/images_4/frame_00085.png,8cb2e97d26a639f05a571476240a8fa86988e6853f0f13cc05830d1578002aad/nerfstudio/images_4/frame_00240.png,8cb2e97d26a6,54.1836,34.1042,66.2446,63.3281,7.2393
17475,17667,56452d9cd9e2e034764132a57058517ab085e1352f9664d2d1e10e98741334fc/nerfstudio/images_4/frame_00042.png,56452d9cd9e2e034764132a57058517ab085e1352f9664d2d1e10e98741334fc/nerfstudio/images_4/frame_00234.png,56452d9cd9e2,69.2801,16.1603,75.8468,69.8814,6.7102
10567,10623,341b4ff3dfd3d377d7167bd81f443bedafbff003bf04881b99760fc0aeb69510/nerfstudio/images_4/frame_00276.png,341b4ff3dfd3d377d7167bd81f443bedafbff003bf04881b99760fc0aeb69510/nerfstudio/images_4/frame_00332.png,341b4ff3dfd3,61.1215,6.1466,66.0483,58.0484,2.6752
21861,22114,6d81c5ab0d480fd43d78b75ff372a8113ad38e2c03f1d69627c009883054d4c2/nerfstudio/images_4/frame_00173.png,6d81c5ab0d480fd43d78b75ff372a8113ad38e2c03f1d69627c009883054d4c2/nerfstudio/images_4/frame_00426.png,6d81c5ab0d48,79.0191,9.2002,80.4688,79.4505,6.6969
24535,24671,800cf88687a79c232700454c2f5a402e771bc7157037a17b0ce93da365b25575/nerfstudio/images_4/frame_00067.png,800cf88687a79c232700454c2f5a402e771bc7157037a17b0ce93da365b25575/nerfstudio/images_4/frame_00203.png,800cf88687a7,63.3736,3.8694,64.5634,63.4793,7.5845
28534,28817,9641a1ed7963ce5ca734cff3e6ccea3dfa8bcb0b0a3ff78f65d32a080de2d71e/nerfstudio/images_4/frame_00098.png,9641a1ed7963ce5ca734cff3e6ccea3dfa8bcb0b0a3ff78f65d32a080de2d71e/nerfstudio/images_4/frame_00381.png,9641a1ed7963,61.4024,13.5367,61.9224,54.3794,3.4256
46326,46484,ef59aac437132bfc1dd45a7e1f8e4800978e7bb28bf98c4428d26fb3e1da3e90/nerfstudio/images_4/frame_00035.png,ef59aac437132bfc1dd45a7e1f8e4800978e7bb28bf98c4428d26fb3e1da3e90/nerfstudio/images_4/frame_00193.png,ef59aac43713,61.3812,2.5379,61.4626,61.4216,8.9388
45295,45334,ec1e44d4dc0f8fa77610866495f9297a7f82158c43e1777668b84fd4b736c7bc/nerfstudio/images_4/frame_00053.png,ec1e44d4dc0f8fa77610866495f9297a7f82158c43e1777668b84fd4b736c7bc/nerfstudio/images_4/frame_00092.png,ec1e44d4dc0f,54.4535,3.5508,55.9091,54.1445,4.4593
33674,33827,b3bf9079b442c681749f6bd95cfb0659c6d844f2228b2f4fa4b602a0e3627b9a/nerfstudio/images_4/frame_00147.png,b3bf9079b442c681749f6bd95cfb0659c6d844f2228b2f4fa4b602a0e3627b9a/nerfstudio/images_4/frame_00300.png,b3bf9079b442,71.2881,10.3959,75.515,71.4845,9.9966
13388,13437,3bb3bb4d3e871d79eb71946cbab1e3afc7a8e33a661153033f32deb3e23d2e52/nerfstudio/images_4/frame_00187.png,3bb3bb4d3e871d79eb71946cbab1e3afc7a8e33a661153033f32deb3e23d2e52/nerfstudio/images_4/frame_00236.png,3bb3bb4d3e87,85.2002,0.8268,85.2423,85.2031,5.689
24240,24284,7da3db99059a436adf537bc23309a6a4db9e011696d086f3a64037f7497d9df7/nerfstudio/images_4/frame_00093.png,7da3db99059a436adf537bc23309a6a4db9e011696d086f3a64037f7497d9df7/nerfstudio/images_4/frame_00137.png,7da3db99059a,80.9137,1.1528,80.8008,80.6183,6.5137
11594,11671,374ffd0c5ff8e544f588f1da3ce0d5b69dc39ff3af95d7ccec480fe5e533c45e/nerfstudio/images_4/frame_00240.png,374ffd0c5ff8e544f588f1da3ce0d5b69dc39ff3af95d7ccec480fe5e533c45e/nerfstudio/images_4/frame_00317.png,374ffd0c5ff8,50.3127,1.243,50.2869,50.2686,6.2382
23959,24132,7a9f97660be8f2421b37dd413c898360532f17c6447c11515e8aded2d80eb99d/nerfstudio/images_4/frame_00127.png,7a9f97660be8f2421b37dd413c898360532f17c6447c11515e8aded2d80eb99d/nerfstudio/images_4/frame_00300.png,7a9f97660be8,83.1809,2.8104,83.2506,83.0857,8.4451
11835,11982,387eeb925ba47af5db9ce6102aaf6b07e6d3573b7e7568dda4cef22d5ab1342f/nerfstudio/images_4/frame_00143.png,387eeb925ba47af5db9ce6102aaf6b07e6d3573b7e7568dda4cef22d5ab1342f/nerfstudio/images_4/frame_00290.png,387eeb925ba4,71.2815,14.5696,74.2012,72.5521,10.7451
34275,34478,b5faa2a8ce980030125717352086bf9ec16c5d994bae3b3a732da3eb67cf4fa8/nerfstudio/images_4/frame_00043.png,b5faa2a8ce980030125717352086bf9ec16c5d994bae3b3a732da3eb67cf4fa8/nerfstudio/images_4/frame_00246.png,b5faa2a8ce98,61.2177,6.8048,61.501,60.4567,3.5415
21310,21688,6d221625614d0515fa44d59a8797a49b64f86bc775e66be22f07a66aa0a0cb3a/nerfstudio/images_4/frame_00024.png,6d221625614d0515fa44d59a8797a49b64f86bc775e66be22f07a66aa0a0cb3a/nerfstudio/images_4/frame_00402.png,6d221625614d,51.7044,16.6241,53.8982,53.099,1.9458
23670,23707,7705a2edd022de9da3f8cead677287645986e982d9247a21e1992859a59f8335/nerfstudio/images_4/frame_00206.png,7705a2edd022de9da3f8cead677287645986e982d9247a21e1992859a59f8335/nerfstudio/images_4/frame_00243.png,7705a2edd022,63.8769,13.7088,64.9085,56.8623,3.9188
38371,38664,d1b3a0b37acc72207295b05e8c359f8b43bf879eb882c60747cfc6d3c7d8efa3/nerfstudio/images_4/frame_00003.png,d1b3a0b37acc72207295b05e8c359f8b43bf879eb882c60747cfc6d3c7d8efa3/nerfstudio/images_4/frame_00296.png,d1b3a0b37acc,64.1954,11.9863,64.3656,61.7395,4.0606
3391,3404,0bfdd020cf475b9c68e4b469d1d1a2d0cad303eefe8b78fb2307855afdaac8be/nerfstudio/images_4/frame_00353.png,0bfdd020cf475b9c68e4b469d1d1a2d0cad303eefe8b78fb2307855afdaac8be/nerfstudio/images_4/frame_00366.png,0bfdd020cf47,77.4493,0.3091,77.7723,76.1967,1.9447
4919,5120,165f5af8bfe32f70595a1c9393a6e442acf7af019998275144f605b89a306557/nerfstudio/images_4/frame_00062.png,165f5af8bfe32f70595a1c9393a6e442acf7af019998275144f605b89a306557/nerfstudio/images_4/frame_00263.png,165f5af8bfe3,67.6295,1.9669,68.0293,66.7662,6.8564
36055,36085,c37109a55effe0000f8e40652ca935376e75bcb2a0b56de8eabd20a26e2a0f68/nerfstudio/images_4/frame_00009.png,c37109a55effe0000f8e40652ca935376e75bcb2a0b56de8eabd20a26e2a0f68/nerfstudio/images_4/frame_00039.png,c37109a55eff,65.8793,3.4304,65.7616,65.2129,3.3441
30807,30867,a401469cb0fa576b93e836a4a6d712394f1a55a0a53a42250286980bd078e669/nerfstudio/images_4/frame_00155.png,a401469cb0fa576b93e836a4a6d712394f1a55a0a53a42250286980bd078e669/nerfstudio/images_4/frame_00215.png,a401469cb0fa,62.0562,24.6286,66.7953,66.1077,5.3186
36891,36966,c455899acfc8816353a55fade692d19d9c2bff68c8615f852931d5754848db74/nerfstudio/images_4/frame_00173.png,c455899acfc8816353a55fade692d19d9c2bff68c8615f852931d5754848db74/nerfstudio/images_4/frame_00248.png,c455899acfc8,75.6104,27.9505,80.332,75.5377,6.6025
1113,1138,073f5a9b983ced6fb28b23051260558b165f328a16b2d33fe20585b7ee4ad561/nerfstudio/images_4/frame_00170.png,073f5a9b983ced6fb28b23051260558b165f328a16b2d33fe20585b7ee4ad561/nerfstudio/images_4/frame_00195.png,073f5a9b983c,64.7542,19.7644,67.4014,67.3512,3.4542
48528,48582,fb3b73f1d3fe9d192f21f55f5100fd258887aef345f778e0a64fc0587930a6f9/nerfstudio/images_4/frame_00313.png,fb3b73f1d3fe9d192f21f55f5100fd258887aef345f778e0a64fc0587930a6f9/nerfstudio/images_4/frame_00367.png,fb3b73f1d3fe,63.2662,3.931,63.3667,62.2495,3.9445
17836,18000,565553aa894be621e8b4773cac288e60ad0c2cf7edb621be62b348c9a0f78380/nerfstudio/images_4/frame_00055.png,565553aa894be621e8b4773cac288e60ad0c2cf7edb621be62b348c9a0f78380/nerfstudio/images_4/frame_00219.png,565553aa894b,67.0719,11.3933,69.5265,67.7523,7.9402
31816,31932,a726c1112ad026efc92f59f196c0698e67abd12a04135a7ff6349b1d31b089eb/nerfstudio/images_4/frame_00022.png,a726c1112ad026efc92f59f196c0698e67abd12a04135a7ff6349b1d31b089eb/nerfstudio/images_4/frame_00138.png,a726c1112ad0,83.0967,8.3404,83.4426,83.4385,8.3634
24208,24247,7da3db99059a436adf537bc23309a6a4db9e011696d086f3a64037f7497d9df7/nerfstudio/images_4/frame_00061.png,7da3db99059a436adf537bc23309a6a4db9e011696d086f3a64037f7497d9df7/nerfstudio/images_4/frame_00100.png,7da3db99059a,77.2722,2.9957,77.3087,77.2473,3.7812
46814,46881,f004c810d94bac93f527606a2ff859d646f99fcac0868c6c6905b29c718fa37b/nerfstudio/images_4/frame_00216.png,f004c810d94bac93f527606a2ff859d646f99fcac0868c6c6905b29c718fa37b/nerfstudio/images_4/frame_00283.png,f004c810d94b,56.7199,0.262,56.833,56.5871,6.5051
24554,24705,800cf88687a79c232700454c2f5a402e771bc7157037a17b0ce93da365b25575/nerfstudio/images_4/frame_00086.png,800cf88687a79c232700454c2f5a402e771bc7157037a17b0ce93da365b25575/nerfstudio/images_4/frame_00237.png,800cf88687a7,53.7182,5.4208,56.9075,53.8388,9.6094
6511,6549,1da888bdedfc9629c0fa9f82cf3f5d96f8103baee0ff64d9311aea1224a9f2ae/nerfstudio/images_4/frame_00271.png,1da888bdedfc9629c0fa9f82cf3f5d96f8103baee0ff64d9311aea1224a9f2ae/nerfstudio/images_4/frame_00309.png,1da888bdedfc,72.4638,2.4806,72.4827,72.3788,3.7976
31519,31638,a62f9a1c6362e7c8a3440261ea0921a0a4b60cf5822bd19579836694f26b3abd/nerfstudio/images_4/frame_00126.png,a62f9a1c6362e7c8a3440261ea0921a0a4b60cf5822bd19579836694f26b3abd/nerfstudio/images_4/frame_00245.png,a62f9a1c6362,66.0777,31.8471,75.7612,72.2167,6.9085
31949,32186,a726c1112ad026efc92f59f196c0698e67abd12a04135a7ff6349b1d31b089eb/nerfstudio/images_4/frame_00155.png,a726c1112ad026efc92f59f196c0698e67abd12a04135a7ff6349b1d31b089eb/nerfstudio/images_4/frame_00392.png,a726c1112ad0,73.6919,16.8356,75.9227,71.4966,2.1374
33667,33856,b3bf9079b442c681749f6bd95cfb0659c6d844f2228b2f4fa4b602a0e3627b9a/nerfstudio/images_4/frame_00140.png,b3bf9079b442c681749f6bd95cfb0659c6d844f2228b2f4fa4b602a0e3627b9a/nerfstudio/images_4/frame_00329.png,b3bf9079b442,64.3238,4.4879,67.5536,64.2433,10.7069
24173,24370,7da3db99059a436adf537bc23309a6a4db9e011696d086f3a64037f7497d9df7/nerfstudio/images_4/frame_00026.png,7da3db99059a436adf537bc23309a6a4db9e011696d086f3a64037f7497d9df7/nerfstudio/images_4/frame_00223.png,7da3db99059a,74.1906,13.5286,75.0099,75.009,5.1555
46918,47055,f477ffc4b398bed8e0d921f0fba9825ca63f317381c535c84be23be991ae1d7a/nerfstudio/images_4/frame_00016.png,f477ffc4b398bed8e0d921f0fba9825ca63f317381c535c84be23be991ae1d7a/nerfstudio/images_4/frame_00153.png,f477ffc4b398,56.8805,9.4727,60.1446,57.3825,7.3235
32375,32444,adb95f29c15b8a89e40c17d10596679be09d7719c6f08a453facd506d056ea8b/nerfstudio/images_4/frame_00180.png,adb95f29c15b8a89e40c17d10596679be09d7719c6f08a453facd506d056ea8b/nerfstudio/images_4/frame_00249.png,adb95f29c15b,76.6553,36.8917,83.4003,82.7985,2.161
45263,45318,ec1e44d4dc0f8fa77610866495f9297a7f82158c43e1777668b84fd4b736c7bc/nerfstudio/images_4/frame_00021.png,ec1e44d4dc0f8fa77610866495f9297a7f82158c43e1777668b84fd4b736c7bc/nerfstudio/images_4/frame_00076.png,ec1e44d4dc0f,61.6089,0.9505,64.1109,61.0176,5.55
31495,31615,a62f9a1c6362e7c8a3440261ea0921a0a4b60cf5822bd19579836694f26b3abd/nerfstudio/images_4/frame_00102.png,a62f9a1c6362e7c8a3440261ea0921a0a4b60cf5822bd19579836694f26b3abd/nerfstudio/images_4/frame_00222.png,a62f9a1c6362,57.9657,31.5629,67.7923,65.212,3.5763
45719,45742,ec305787b70029b782c71c1bf296c3885c7c22619e5661bd40085533ddfee5e4/nerfstudio/images_4/frame_00133.png,ec305787b70029b782c71c1bf296c3885c7c22619e5661bd40085533ddfee5e4/nerfstudio/images_4/frame_00156.png,ec305787b700,59.3609,8.3412,60.0455,59.8893,5.6517
38783,38835,d3812aad538261e7f73c75762ff55f23b468bcc76f376d52ac86ca6cf3c44b4b/nerfstudio/images_4/frame_00096.png,d3812aad538261e7f73c75762ff55f23b468bcc76f376d52ac86ca6cf3c44b4b/nerfstudio/images_4/frame_00148.png,d3812aad5382,59.1139,36.864,69.3964,68.7737,4.1106
46053,46138,ed16328235c610f15405ff08711eaf15d88a0503884f3a9ccb5a0ee69cb4acb5/nerfstudio/images_4/frame_00121.png,ed16328235c610f15405ff08711eaf15d88a0503884f3a9ccb5a0ee69cb4acb5/nerfstudio/images_4/frame_00206.png,ed16328235c6,58.4277,6.4172,59.4037,58.0802,3.5615
38425,38523,d1b3a0b37acc72207295b05e8c359f8b43bf879eb882c60747cfc6d3c7d8efa3/nerfstudio/images_4/frame_00057.png,d1b3a0b37acc72207295b05e8c359f8b43bf879eb882c60747cfc6d3c7d8efa3/nerfstudio/images_4/frame_00155.png,d1b3a0b37acc,68.3156,14.8224,69.9644,69.6389,6.7982
37063,37324,cbd44beb04f9c98f2d2c5affff89a6e0a72c25f1aa0c6f660fbd9e4d26702f8b/nerfstudio/images_4/frame_00011.png,cbd44beb04f9c98f2d2c5affff89a6e0a72c25f1aa0c6f660fbd9e4d26702f8b/nerfstudio/images_4/frame_00272.png,cbd44beb04f9,68.9362,13.5471,69.9671,69.9601,7.8401
9855,9951,2f3e1c0f688c84cec67f9a1ea219c54c14ffabf31a046e620dacc690cac2f1bd/nerfstudio/images_4/frame_00231.png,2f3e1c0f688c84cec67f9a1ea219c54c14ffabf31a046e620dacc690cac2f1bd/nerfstudio/images_4/frame_00327.png,2f3e1c0f688c,77.7318,23.2211,80.9165,80.2001,6.7457
14336,14619,444da1b4a3f1ca019d4c9c1b405a579427746ccc96cab6dab7dcba5cb4fc998c/nerfstudio/images_4/frame_00098.png,444da1b4a3f1ca019d4c9c1b405a579427746ccc96cab6dab7dcba5cb4fc998c/nerfstudio/images_4/frame_00381.png,444da1b4a3f1,67.1851,28.4082,84.8448,66.9265,2.5994
13026,13196,3b7529dcccf7097cba31a989536035595e214b0f3775867fd3a62eb186870090/nerfstudio/images_4/frame_00134.png,3b7529dcccf7097cba31a989536035595e214b0f3775867fd3a62eb186870090/nerfstudio/images_4/frame_00304.png,3b7529dcccf7,52.8473,0.4143,52.6202,50.8531,3.8092
11424,11553,374ffd0c5ff8e544f588f1da3ce0d5b69dc39ff3af95d7ccec480fe5e533c45e/nerfstudio/images_4/frame_00070.png,374ffd0c5ff8e544f588f1da3ce0d5b69dc39ff3af95d7ccec480fe5e533c45e/nerfstudio/images_4/frame_00199.png,374ffd0c5ff8,61.1315,3.6702,61.4065,61.1391,4.1956
28556,28803,9641a1ed7963ce5ca734cff3e6ccea3dfa8bcb0b0a3ff78f65d32a080de2d71e/nerfstudio/images_4/frame_00120.png,9641a1ed7963ce5ca734cff3e6ccea3dfa8bcb0b0a3ff78f65d32a080de2d71e/nerfstudio/images_4/frame_00367.png,9641a1ed7963,74.0803,8.9225,75.9931,67.1476,4.3204
31520,31663,a62f9a1c6362e7c8a3440261ea0921a0a4b60cf5822bd19579836694f26b3abd/nerfstudio/images_4/frame_00127.png,a62f9a1c6362e7c8a3440261ea0921a0a4b60cf5822bd19579836694f26b3abd/nerfstudio/images_4/frame_00270.png,a62f9a1c6362,59.8093,33.9644,71.5533,67.8041,8.4052
1360,1494,07d9f9724ca854fae07cb4c57d7ea22bf667d5decd4058f547728922f909956b/nerfstudio/images_4/frame_00007.png,07d9f9724ca854fae07cb4c57d7ea22bf667d5decd4058f547728922f909956b/nerfstudio/images_4/frame_00141.png,07d9f9724ca8,72.6896,1.7618,73.7185,72.7073,10.6613
24836,24908,8324b3ca22085040c2a0ecb7284e0cdf776b1f846b73a7c0df893587cb4a45f8/nerfstudio/images_4/frame_00025.png,8324b3ca22085040c2a0ecb7284e0cdf776b1f846b73a7c0df893587cb4a45f8/nerfstudio/images_4/frame_00097.png,8324b3ca2208,53.0674,4.7026,53.2536,53.2533,7.5578
15116,15192,484c0aca40c1087f196d2caf3c8cb463864c08e60b98326ca02eb6dae8ce4984/nerfstudio/images_4/frame_00121.png,484c0aca40c1087f196d2caf3c8cb463864c08e60b98326ca02eb6dae8ce4984/nerfstudio/images_4/frame_00197.png,484c0aca40c1,82.5281,4.5185,82.6266,82.6159,3.0644
46320,46488,ef59aac437132bfc1dd45a7e1f8e4800978e7bb28bf98c4428d26fb3e1da3e90/nerfstudio/images_4/frame_00029.png,ef59aac437132bfc1dd45a7e1f8e4800978e7bb28bf98c4428d26fb3e1da3e90/nerfstudio/images_4/frame_00197.png,ef59aac43713,61.2516,3.7278,61.4071,61.3493,9.0455
27592,27641,918c8dad730c3b804306c5da8486124be4aa0612e85fb825338fd350c912e1b0/nerfstudio/images_4/frame_00282.png,918c8dad730c3b804306c5da8486124be4aa0612e85fb825338fd350c912e1b0/nerfstudio/images_4/frame_00331.png,918c8dad730c,64.5652,5.5789,64.6369,64.6257,3.7149
21753,21828,6d81c5ab0d480fd43d78b75ff372a8113ad38e2c03f1d69627c009883054d4c2/nerfstudio/images_4/frame_00065.png,6d81c5ab0d480fd43d78b75ff372a8113ad38e2c03f1d69627c009883054d4c2/nerfstudio/images_4/frame_00140.png,6d81c5ab0d48,58.9812,5.992,60.058,59.2113,3.4472
8865,8919,2b65ba886efac7af6253fce68ae9284bf4d4db019e17c47f3e853361acbdb066/nerfstudio/images_4/frame_00235.png,2b65ba886efac7af6253fce68ae9284bf4d4db019e17c47f3e853361acbdb066/nerfstudio/images_4/frame_00289.png,2b65ba886efa,59.7159,17.9558,63.8072,55.2178,3.9978
44363,44447,e8ce51b6abfe05bf8dca47e29c8be6c1e6de27a8c9fece7a121400b931b2ca0f/nerfstudio/images_4/frame_00178.png,e8ce51b6abfe05bf8dca47e29c8be6c1e6de27a8c9fece7a121400b931b2ca0f/nerfstudio/images_4/frame_00262.png,e8ce51b6abfe,56.4788,0.8532,57.4054,56.1139,9.2632
35380,35473,ba55c875d20c34ee85ffc72264c4d77710852e5fb7d9ce4b9c26a8442850e98f/nerfstudio/images_4/frame_00071.png,ba55c875d20c34ee85ffc72264c4d77710852e5fb7d9ce4b9c26a8442850e98f/nerfstudio/images_4/frame_00164.png,ba55c875d20c,87.5293,4.3788,87.9389,87.2671,7.3788
40728,40771,d9b6376623741313bf6da6bf4cdb9828be614a2ce9390ceb3f31cd535d661a75/nerfstudio/images_4/frame_00243.png,d9b6376623741313bf6da6bf4cdb9828be614a2ce9390ceb3f31cd535d661a75/nerfstudio/images_4/frame_00286.png,d9b637662374,78.7593,23.1711,84.5705,80.6055,1.14
31811,32112,a726c1112ad026efc92f59f196c0698e67abd12a04135a7ff6349b1d31b089eb/nerfstudio/images_4/frame_00017.png,a726c1112ad026efc92f59f196c0698e67abd12a04135a7ff6349b1d31b089eb/nerfstudio/images_4/frame_00318.png,a726c1112ad0,61.549,4.9035,61.5685,61.3438,1.0589
45344,45551,ec1e44d4dc0f8fa77610866495f9297a7f82158c43e1777668b84fd4b736c7bc/nerfstudio/images_4/frame_00102.png,ec1e44d4dc0f8fa77610866495f9297a7f82158c43e1777668b84fd4b736c7bc/nerfstudio/images_4/frame_00309.png,ec1e44d4dc0f,71.0922,4.113,73.6874,70.5746,4.5239
23975,24039,7a9f97660be8f2421b37dd413c898360532f17c6447c11515e8aded2d80eb99d/nerfstudio/images_4/frame_00143.png,7a9f97660be8f2421b37dd413c898360532f17c6447c11515e8aded2d80eb99d/nerfstudio/images_4/frame_00207.png,7a9f97660be8,85.1323,0.7869,84.9903,84.8785,6.8391
32220,32353,adb95f29c15b8a89e40c17d10596679be09d7719c6f08a453facd506d056ea8b/nerfstudio/images_4/frame_00025.png,adb95f29c15b8a89e40c17d10596679be09d7719c6f08a453facd506d056ea8b/nerfstudio/images_4/frame_00158.png,adb95f29c15b,64.0524,11.012,65.6201,64.8661,4.8697
12158,12317,389a460ca1995e0658e85fe8e6b520b4e88b370cd6710dfe728b1564bba31aee/nerfstudio/images_4/frame_00091.png,389a460ca1995e0658e85fe8e6b520b4e88b370cd6710dfe728b1564bba31aee/nerfstudio/images_4/frame_00250.png,389a460ca199,51.392,34.3431,60.2925,59.4582,2.6611
40848,40890,d9b6376623741313bf6da6bf4cdb9828be614a2ce9390ceb3f31cd535d661a75/nerfstudio/images_4/frame_00363.png,d9b6376623741313bf6da6bf4cdb9828be614a2ce9390ceb3f31cd535d661a75/nerfstudio/images_4/frame_00405.png,d9b637662374,79.2619,2.0269,79.3594,79.2666,3.3102
31880,32098,a726c1112ad026efc92f59f196c0698e67abd12a04135a7ff6349b1d31b089eb/nerfstudio/images_4/frame_00086.png,a726c1112ad026efc92f59f196c0698e67abd12a04135a7ff6349b1d31b089eb/nerfstudio/images_4/frame_00304.png,a726c1112ad0,84.3003,0.0016,84.2887,84.2727,8.1655
48300,48359,fb3b73f1d3fe9d192f21f55f5100fd258887aef345f778e0a64fc0587930a6f9/nerfstudio/images_4/frame_00085.png,fb3b73f1d3fe9d192f21f55f5100fd258887aef345f778e0a64fc0587930a6f9/nerfstudio/images_4/frame_00144.png,fb3b73f1d3fe,78.4082,8.7167,82.4801,76.7127,5.1595
17071,17279,54bf355ca7e08ed1bc86f5772e564ac0f92981ca25dab24d86b694e915fc4c43/nerfstudio/images_4/frame_00008.png,54bf355ca7e08ed1bc86f5772e564ac0f92981ca25dab24d86b694e915fc4c43/nerfstudio/images_4/frame_00216.png,54bf355ca7e0,84.6017,9.8176,85.3482,83.7044,6.0101
18520,18636,5a27c00f525f5484b7aa0d0107051253bf7bb395bde0b3a4486ff8c52fb4965e/nerfstudio/images_4/frame_00021.png,5a27c00f525f5484b7aa0d0107051253bf7bb395bde0b3a4486ff8c52fb4965e/nerfstudio/images_4/frame_00137.png,5a27c00f525f,55.2106,15.8908,56.7018,56.6657,8.918
48821,48975,ff592398657b3dfe94153332861985194a3e3c9d199c4a3a27a0ce4038e81ade/nerfstudio/images_4/frame_00231.png,ff592398657b3dfe94153332861985194a3e3c9d199c4a3a27a0ce4038e81ade/nerfstudio/images_4/frame_00385.png,ff592398657b,82.8345,2.3651,82.7706,82.6482,5.375
1550,1660,07d9f9724ca854fae07cb4c57d7ea22bf667d5decd4058f547728922f909956b/nerfstudio/images_4/frame_00197.png,07d9f9724ca854fae07cb4c57d7ea22bf667d5decd4058f547728922f909956b/nerfstudio/images_4/frame_00307.png,07d9f9724ca8,57.8404,2.1649,60.4963,57.569,7.9446
42370,42453,ded5e4b46aedbef4cdb7bd1db7fc4cc5b00a9979ad6464bdadfab052cd64c101/nerfstudio/images_4/frame_00095.png,ded5e4b46aedbef4cdb7bd1db7fc4cc5b00a9979ad6464bdadfab052cd64c101/nerfstudio/images_4/frame_00178.png,ded5e4b46aed,52.0674,2.0939,52.1907,51.8472,6.8973
44563,44767,e9360e7a89bee835dc847cf8796093e634b759ff582558788dcfe8326f6e8901/nerfstudio/images_4/frame_00002.png,e9360e7a89bee835dc847cf8796093e634b759ff582558788dcfe8326f6e8901/nerfstudio/images_4/frame_00206.png,e9360e7a89be,78.7586,11.6255,79.5453,79.4239,5.281
40132,40185,d904ae2998f775e4cb1dafe542b8df9706195c1983c4b2d5b2b5c71dcc75570a/nerfstudio/images_4/frame_00044.png,d904ae2998f775e4cb1dafe542b8df9706195c1983c4b2d5b2b5c71dcc75570a/nerfstudio/images_4/frame_00097.png,d904ae2998f7,63.2801,14.1243,64.3699,64.1408,4.8048
21774,21948,6d81c5ab0d480fd43d78b75ff372a8113ad38e2c03f1d69627c009883054d4c2/nerfstudio/images_4/frame_00086.png,6d81c5ab0d480fd43d78b75ff372a8113ad38e2c03f1d69627c009883054d4c2/nerfstudio/images_4/frame_00260.png,6d81c5ab0d48,82.8563,3.2793,84.0875,82.76,2.971
42052,42120,ddfdcfdf02d53dd89a055cd9e1ed30272ab3f57c7560ac2c3761bb01d76a7882/nerfstudio/images_4/frame_00156.png,ddfdcfdf02d53dd89a055cd9e1ed30272ab3f57c7560ac2c3761bb01d76a7882/nerfstudio/images_4/frame_00224.png,ddfdcfdf02d5,64.677,0.6989,64.5001,64.4746,6.8469
38041,38299,ceb252f5d4419510655cf9ed7afbf3e8e688825f798d80414c7715dc8ace153a/nerfstudio/images_4/frame_00044.png,ceb252f5d4419510655cf9ed7afbf3e8e688825f798d80414c7715dc8ace153a/nerfstudio/images_4/frame_00302.png,ceb252f5d441,72.9444,11.9991,73.9072,73.1248,3.847
8066,8130,286239bd0d4436b747987c40f8cbfc0675bb69435d4ab19a3f73b9d816d0c09a/nerfstudio/images_4/frame_00199.png,286239bd0d4436b747987c40f8cbfc0675bb69435d4ab19a3f73b9d816d0c09a/nerfstudio/images_4/frame_00264.png,286239bd0d44,63.6095,1.9314,64.2621,63.6332,4.0601
47060,47102,f477ffc4b398bed8e0d921f0fba9825ca63f317381c535c84be23be991ae1d7a/nerfstudio/images_4/frame_00158.png,f477ffc4b398bed8e0d921f0fba9825ca63f317381c535c84be23be991ae1d7a/nerfstudio/images_4/frame_00200.png,f477ffc4b398,56.5567,5.6028,58.2656,56.5482,6.6658
20901,21014,66fd66cbed40a2d11ecd17ae6d6d60cd60d476616864ecdd351fe69e644f30a1/nerfstudio/images_4/frame_00017.png,66fd66cbed40a2d11ecd17ae6d6d60cd60d476616864ecdd351fe69e644f30a1/nerfstudio/images_4/frame_00130.png,66fd66cbed40,51.4652,1.5088,51.4292,51.422,3.3944
9506,9558,2cbfe28643b6636f9c70813cae7625aa858a352109493ac70fb429ce94dd55b3/nerfstudio/images_4/frame_00186.png,2cbfe28643b6636f9c70813cae7625aa858a352109493ac70fb429ce94dd55b3/nerfstudio/images_4/frame_00238.png,2cbfe28643b6,87.4695,1.152,89.6845,86.3517,4.6962
34293,34499,b5faa2a8ce980030125717352086bf9ec16c5d994bae3b3a732da3eb67cf4fa8/nerfstudio/images_4/frame_00061.png,b5faa2a8ce980030125717352086bf9ec16c5d994bae3b3a732da3eb67cf4fa8/nerfstudio/images_4/frame_00267.png,b5faa2a8ce98,60.3216,2.4796,59.8467,59.3294,4.1042
12126,12461,389a460ca1995e0658e85fe8e6b520b4e88b370cd6710dfe728b1564bba31aee/nerfstudio/images_4/frame_00059.png,389a460ca1995e0658e85fe8e6b520b4e88b370cd6710dfe728b1564bba31aee/nerfstudio/images_4/frame_00394.png,389a460ca199,89.6377,5.2417,89.6741,89.2743,2.5433
14432,14628,444da1b4a3f1ca019d4c9c1b405a579427746ccc96cab6dab7dcba5cb4fc998c/nerfstudio/images_4/frame_00194.png,444da1b4a3f1ca019d4c9c1b405a579427746ccc96cab6dab7dcba5cb4fc998c/nerfstudio/images_4/frame_00390.png,444da1b4a3f1,69.9308,43.2169,94.0035,77.8891,3.6345
19831,20016,5f0041e53d59d67c3ca25db97b269db183a532c4566a6bc46ca0e69cfa4234ad/nerfstudio/images_4/frame_00010.png,5f0041e53d59d67c3ca25db97b269db183a532c4566a6bc46ca0e69cfa4234ad/nerfstudio/images_4/frame_00195.png,5f0041e53d59,61.0848,1.987,62.9151,61.0223,8.1152
29649,29767,9e9a89ae6fed06d6e2f4749b4b0059f35ca97f848cedc4a14345999e746f7884/nerfstudio/images_4/frame_00051.png,9e9a89ae6fed06d6e2f4749b4b0059f35ca97f848cedc4a14345999e746f7884/nerfstudio/images_4/frame_00169.png,9e9a89ae6fed,50.1074,9.8834,51.1653,50.2237,5.6224
5788,5921,1ba74c22670ad047981441581d00f26f4a148d1010bcac7468c615adf5fa4d5d/nerfstudio/images_4/frame_00212.png,1ba74c22670ad047981441581d00f26f4a148d1010bcac7468c615adf5fa4d5d/nerfstudio/images_4/frame_00345.png,1ba74c22670a,60.4266,11.9053,61.2185,60.9076,8.0665
46803,46873,f004c810d94bac93f527606a2ff859d646f99fcac0868c6c6905b29c718fa37b/nerfstudio/images_4/frame_00205.png,f004c810d94bac93f527606a2ff859d646f99fcac0868c6c6905b29c718fa37b/nerfstudio/images_4/frame_00275.png,f004c810d94b,69.5507,3.024,70.01,69.3971,7.3117
7935,8012,286239bd0d4436b747987c40f8cbfc0675bb69435d4ab19a3f73b9d816d0c09a/nerfstudio/images_4/frame_00068.png,286239bd0d4436b747987c40f8cbfc0675bb69435d4ab19a3f73b9d816d0c09a/nerfstudio/images_4/frame_00145.png,286239bd0d44,81.8576,12.4248,87.3648,79.9943,5.7805
34688,34858,b6d1134cb03c855d246f916beaa2d3d01290cf47937a5176011ff39b850ec615/nerfstudio/images_4/frame_00093.png,b6d1134cb03c855d246f916beaa2d3d01290cf47937a5176011ff39b850ec615/nerfstudio/images_4/frame_00263.png,b6d1134cb03c,58.1978,4.1558,60.4291,57.4359,8.3911
3994,4024,1264931635e127fb905c8953cbc2deadd0c763e633af7fbd9405a61ca849710c/nerfstudio/images_4/frame_00239.png,1264931635e127fb905c8953cbc2deadd0c763e633af7fbd9405a61ca849710c/nerfstudio/images_4/frame_00269.png,1264931635e1,69.2882,1.1784,69.2939,68.6334,4.3455
25357,25501,85cd0e92110bcd35e826cbff16bb0e85d8117717adaf36f0698920f0fb9b2cfd/nerfstudio/images_4/frame_00137.png,85cd0e92110bcd35e826cbff16bb0e85d8117717adaf36f0698920f0fb9b2cfd/nerfstudio/images_4/frame_00281.png,85cd0e92110b,59.0778,0.5216,60.4435,58.6151,6.4696
16416,16531,50c46cf8b8b22c8d2ffdef8964b05ddbceaef312c9a9ff331d1ecebfd223f72a/nerfstudio/images_4/frame_00074.png,50c46cf8b8b22c8d2ffdef8964b05ddbceaef312c9a9ff331d1ecebfd223f72a/nerfstudio/images_4/frame_00189.png,50c46cf8b8b2,68.0137,17.8978,69.6033,69.3851,6.3485
106,312,032dee9fb0a8bc1b90871dc5fe950080d0bcd3caf166447f44e60ca50ac04ec7/nerfstudio/images_4/frame_00107.png,032dee9fb0a8bc1b90871dc5fe950080d0bcd3caf166447f44e60ca50ac04ec7/nerfstudio/images_4/frame_00313.png,032dee9fb0a8,56.7391,1.8236,60.5157,56.4549,5.9566
5464,5514,183dd248f6a86e07c5adf9de8ee2d0abe45b1216331c03678e89634c2e9b1c7f/nerfstudio/images_4/frame_00272.png,183dd248f6a86e07c5adf9de8ee2d0abe45b1216331c03678e89634c2e9b1c7f/nerfstudio/images_4/frame_00322.png,183dd248f6a8,82.7643,1.2459,82.523,81.5225,6.0533
6610,6765,1de58be515696102c364b767f296600ffff853d4145a60dd30ece9d935317654/nerfstudio/images_4/frame_00039.png,1de58be515696102c364b767f296600ffff853d4145a60dd30ece9d935317654/nerfstudio/images_4/frame_00194.png,1de58be51569,50.2786,1.0112,51.1375,50.1734,7.4001
11524,11610,374ffd0c5ff8e544f588f1da3ce0d5b69dc39ff3af95d7ccec480fe5e533c45e/nerfstudio/images_4/frame_00170.png,374ffd0c5ff8e544f588f1da3ce0d5b69dc39ff3af95d7ccec480fe5e533c45e/nerfstudio/images_4/frame_00256.png,374ffd0c5ff8,52.826,8.5151,54.1042,53.458,5.5564
7874,7912,286239bd0d4436b747987c40f8cbfc0675bb69435d4ab19a3f73b9d816d0c09a/nerfstudio/images_4/frame_00007.png,286239bd0d4436b747987c40f8cbfc0675bb69435d4ab19a3f73b9d816d0c09a/nerfstudio/images_4/frame_00045.png,286239bd0d44,87.5606,0.9443,86.6116,84.6857,5.7116
17906,18135,565553aa894be621e8b4773cac288e60ad0c2cf7edb621be62b348c9a0f78380/nerfstudio/images_4/frame_00125.png,565553aa894be621e8b4773cac288e60ad0c2cf7edb621be62b348c9a0f78380/nerfstudio/images_4/frame_00354.png,565553aa894b,55.7974,22.3903,61.9721,58.7545,7.2511
23280,23394,75fbbe467353cfdeb93bc1872144855576797be83a0c71c51155ee6b355d6d5e/nerfstudio/images_4/frame_00175.png,75fbbe467353cfdeb93bc1872144855576797be83a0c71c51155ee6b355d6d5e/nerfstudio/images_4/frame_00289.png,75fbbe467353,65.5423,6.1106,67.112,65.7945,8.3189
10318,10404,341b4ff3dfd3d377d7167bd81f443bedafbff003bf04881b99760fc0aeb69510/nerfstudio/images_4/frame_00027.png,341b4ff3dfd3d377d7167bd81f443bedafbff003bf04881b99760fc0aeb69510/nerfstudio/images_4/frame_00113.png,341b4ff3dfd3,57.5575,2.6484,58.6186,57.608,10.0728
10018,10069,32c2b92fac40c698fa92de008a9aad0857168d255363a850a89de88b5b3ec42e/nerfstudio/images_4/frame_00049.png,32c2b92fac40c698fa92de008a9aad0857168d255363a850a89de88b5b3ec42e/nerfstudio/images_4/frame_00100.png,32c2b92fac40,71.5639,6.3862,73.9441,71.0917,6.8011
17365,17412,54bf355ca7e08ed1bc86f5772e564ac0f92981ca25dab24d86b694e915fc4c43/nerfstudio/images_4/frame_00302.png,54bf355ca7e08ed1bc86f5772e564ac0f92981ca25dab24d86b694e915fc4c43/nerfstudio/images_4/frame_00349.png,54bf355ca7e0,88.1546,2.3099,92.2335,85.1547,4.8774
40140,40220,d904ae2998f775e4cb1dafe542b8df9706195c1983c4b2d5b2b5c71dcc75570a/nerfstudio/images_4/frame_00052.png,d904ae2998f775e4cb1dafe542b8df9706195c1983c4b2d5b2b5c71dcc75570a/nerfstudio/images_4/frame_00132.png,d904ae2998f7,52.9367,0.7842,53.065,52.8015,3.9411
4205,4426,14eb48a50e37df548894ab6d8cd628a21dae14bbe6c462e894616fc5962e6c49/nerfstudio/images_4/frame_00103.png,14eb48a50e37df548894ab6d8cd628a21dae14bbe6c462e894616fc5962e6c49/nerfstudio/images_4/frame_00324.png,14eb48a50e37,89.6416,30.9936,104.7202,86.3607,5.1895
38026,38148,ceb252f5d4419510655cf9ed7afbf3e8e688825f798d80414c7715dc8ace153a/nerfstudio/images_4/frame_00029.png,ceb252f5d4419510655cf9ed7afbf3e8e688825f798d80414c7715dc8ace153a/nerfstudio/images_4/frame_00151.png,ceb252f5d441,61.23,1.1346,61.5108,59.8406,3.1501
16027,16062,4ff8650b5c1140e98d957fbd1abbe2cfbbb416b37cb9f06f7f376956703801bb/nerfstudio/images_4/frame_00027.png,4ff8650b5c1140e98d957fbd1abbe2cfbbb416b37cb9f06f7f376956703801bb/nerfstudio/images_4/frame_00062.png,4ff8650b5c11,63.0798,1.9378,63.5726,57.972,3.5223
32773,32877,adf35184a12d4cfa3f4248b87aa5adb4f39f179df460d6d76136e13d37299a2a/nerfstudio/images_4/frame_00229.png,adf35184a12d4cfa3f4248b87aa5adb4f39f179df460d6d76136e13d37299a2a/nerfstudio/images_4/frame_00333.png,adf35184a12d,71.3005,6.6208,74.6368,71.3235,8.9346
27759,27981,91afb9910b042f7185c2b8e4b6b24b5785dae4542617b3f8005b5492f6d123f7/nerfstudio/images_4/frame_00047.png,91afb9910b042f7185c2b8e4b6b24b5785dae4542617b3f8005b5492f6d123f7/nerfstudio/images_4/frame_00269.png,91afb9910b04,51.0111,21.4475,55.5552,49.3451,4.6282
44933,44970,eb4cf52988f805e6fce11d1b239fa9de32eb157364cff06ebac0aa50e0a46567/nerfstudio/images_4/frame_00041.png,eb4cf52988f805e6fce11d1b239fa9de32eb157364cff06ebac0aa50e0a46567/nerfstudio/images_4/frame_00078.png,eb4cf52988f8,75.2914,5.8746,78.3255,66.383,3.7064
11102,11294,35872363e17af5d173b6a0b09fcf5de94627ad5dc5f8a9ad4c579f3e70b4797a/nerfstudio/images_4/frame_00093.png,35872363e17af5d173b6a0b09fcf5de94627ad5dc5f8a9ad4c579f3e70b4797a/nerfstudio/images_4/frame_00285.png,35872363e17a,56.5849,6.9024,56.7497,56.3437,8.066
5605,5853,1ba74c22670ad047981441581d00f26f4a148d1010bcac7468c615adf5fa4d5d/nerfstudio/images_4/frame_00029.png,1ba74c22670ad047981441581d00f26f4a148d1010bcac7468c615adf5fa4d5d/nerfstudio/images_4/frame_00277.png,1ba74c22670a,56.2602,12.7803,57.7554,57.4411,5.0705
40667,40811,d9b6376623741313bf6da6bf4cdb9828be614a2ce9390ceb3f31cd535d661a75/nerfstudio/images_4/frame_00178.png,d9b6376623741313bf6da6bf4cdb9828be614a2ce9390ceb3f31cd535d661a75/nerfstudio/images_4/frame_00326.png,d9b637662374,63.8196,11.5852,65.1964,63.1728,5.8689
6316,6558,1da888bdedfc9629c0fa9f82cf3f5d96f8103baee0ff64d9311aea1224a9f2ae/nerfstudio/images_4/frame_00076.png,1da888bdedfc9629c0fa9f82cf3f5d96f8103baee0ff64d9311aea1224a9f2ae/nerfstudio/images_4/frame_00318.png,1da888bdedfc,78.4883,8.6842,79.0905,78.5979,5.7437
13409,13509,3bb3bb4d3e871d79eb71946cbab1e3afc7a8e33a661153033f32deb3e23d2e52/nerfstudio/images_4/frame_00208.png,3bb3bb4d3e871d79eb71946cbab1e3afc7a8e33a661153033f32deb3e23d2e52/nerfstudio/images_4/frame_00308.png,3bb3bb4d3e87,76.8047,7.0615,77.1433,77.0302,6.4322
40153,40396,d904ae2998f775e4cb1dafe542b8df9706195c1983c4b2d5b2b5c71dcc75570a/nerfstudio/images_4/frame_00065.png,d904ae2998f775e4cb1dafe542b8df9706195c1983c4b2d5b2b5c71dcc75570a/nerfstudio/images_4/frame_00308.png,d904ae2998f7,89.9846,14.3184,89.8921,88.7947,0.8027
21384,21591,6d221625614d0515fa44d59a8797a49b64f86bc775e66be22f07a66aa0a0cb3a/nerfstudio/images_4/frame_00098.png,6d221625614d0515fa44d59a8797a49b64f86bc775e66be22f07a66aa0a0cb3a/nerfstudio/images_4/frame_00305.png,6d221625614d,54.6036,0.7187,54.7235,54.1468,4.4651
20362,20420,63798f5c6fbfcb4eb686268248b8ecbc8d87d920b2bcce967eeaedfd3b3b6d82/nerfstudio/images_4/frame_00218.png,63798f5c6fbfcb4eb686268248b8ecbc8d87d920b2bcce967eeaedfd3b3b6d82/nerfstudio/images_4/frame_00276.png,63798f5c6fbf,64.0082,3.904,64.5008,63.7648,5.4742
15090,15152,484c0aca40c1087f196d2caf3c8cb463864c08e60b98326ca02eb6dae8ce4984/nerfstudio/images_4/frame_00095.png,484c0aca40c1087f196d2caf3c8cb463864c08e60b98326ca02eb6dae8ce4984/nerfstudio/images_4/frame_00157.png,484c0aca40c1,67.8884,1.1696,67.904,67.896,5.0465
12,140,032dee9fb0a8bc1b90871dc5fe950080d0bcd3caf166447f44e60ca50ac04ec7/nerfstudio/images_4/frame_00013.png,032dee9fb0a8bc1b90871dc5fe950080d0bcd3caf166447f44e60ca50ac04ec7/nerfstudio/images_4/frame_00141.png,032dee9fb0a8,57.2607,1.1115,60.5906,56.5658,8.2626
40639,40889,d9b6376623741313bf6da6bf4cdb9828be614a2ce9390ceb3f31cd535d661a75/nerfstudio/images_4/frame_00150.png,d9b6376623741313bf6da6bf4cdb9828be614a2ce9390ceb3f31cd535d661a75/nerfstudio/images_4/frame_00404.png,d9b637662374,88.9248,11.797,90.0579,88.9555,6.564
44910,45240,eb4cf52988f805e6fce11d1b239fa9de32eb157364cff06ebac0aa50e0a46567/nerfstudio/images_4/frame_00018.png,eb4cf52988f805e6fce11d1b239fa9de32eb157364cff06ebac0aa50e0a46567/nerfstudio/images_4/frame_00348.png,eb4cf52988f8,57.5453,6.0573,57.8931,55.8892,3.8839
38405,38528,d1b3a0b37acc72207295b05e8c359f8b43bf879eb882c60747cfc6d3c7d8efa3/nerfstudio/images_4/frame_00037.png,d1b3a0b37acc72207295b05e8c359f8b43bf879eb882c60747cfc6d3c7d8efa3/nerfstudio/images_4/frame_00160.png,d1b3a0b37acc,53.4292,4.9864,53.6683,53.639,4.7142
19834,19999,5f0041e53d59d67c3ca25db97b269db183a532c4566a6bc46ca0e69cfa4234ad/nerfstudio/images_4/frame_00013.png,5f0041e53d59d67c3ca25db97b269db183a532c4566a6bc46ca0e69cfa4234ad/nerfstudio/images_4/frame_00178.png,5f0041e53d59,68.9365,1.1077,70.5398,68.7362,8.7107
28475,28536,9641a1ed7963ce5ca734cff3e6ccea3dfa8bcb0b0a3ff78f65d32a080de2d71e/nerfstudio/images_4/frame_00039.png,9641a1ed7963ce5ca734cff3e6ccea3dfa8bcb0b0a3ff78f65d32a080de2d71e/nerfstudio/images_4/frame_00100.png,9641a1ed7963,51.3623,10.4622,51.8941,48.802,3.799
15858,15976,4ae797d07b6d1644c9db6919c8cc8c0d28d72be45108ac7a3abf8dc21b599d83/nerfstudio/images_4/frame_00191.png,4ae797d07b6d1644c9db6919c8cc8c0d28d72be45108ac7a3abf8dc21b599d83/nerfstudio/images_4/frame_00309.png,4ae797d07b6d,84.7615,13.7029,85.4016,84.5423,3.9389
24281,24414,7da3db99059a436adf537bc23309a6a4db9e011696d086f3a64037f7497d9df7/nerfstudio/images_4/frame_00134.png,7da3db99059a436adf537bc23309a6a4db9e011696d086f3a64037f7497d9df7/nerfstudio/images_4/frame_00267.png,7da3db99059a,55.1764,0.9202,56.0172,55.0139,4.6054
17905,18116,565553aa894be621e8b4773cac288e60ad0c2cf7edb621be62b348c9a0f78380/nerfstudio/images_4/frame_00124.png,565553aa894be621e8b4773cac288e60ad0c2cf7edb621be62b348c9a0f78380/nerfstudio/images_4/frame_00335.png,565553aa894b,58.8181,7.5076,60.3305,59.1219,6.9483
20012,20105,5f0041e53d59d67c3ca25db97b269db183a532c4566a6bc46ca0e69cfa4234ad/nerfstudio/images_4/frame_00191.png,5f0041e53d59d67c3ca25db97b269db183a532c4566a6bc46ca0e69cfa4234ad/nerfstudio/images_4/frame_00284.png,5f0041e53d59,60.3826,3.0362,61.958,60.4209,8.7063
30015,30182,9fb0588ff045ec64119c5bc91b44a4b7400e5fae5a17e67762b29e6855b57118/nerfstudio/images_4/frame_00007.png,9fb0588ff045ec64119c5bc91b44a4b7400e5fae5a17e67762b29e6855b57118/nerfstudio/images_4/frame_00174.png,9fb0588ff045,63.4893,2.0698,63.9532,63.5061,11.0157
2838,2971,0a485338bbdaf19ba9090b874bb36ef0599a9c9a475a382c22903cf5981c6ea6/nerfstudio/images_4/frame_00134.png,0a485338bbdaf19ba9090b874bb36ef0599a9c9a475a382c22903cf5981c6ea6/nerfstudio/images_4/frame_00267.png,0a485338bbda,67.8753,6.5681,69.789,68.0988,5.1301
23600,23804,7705a2edd022de9da3f8cead677287645986e982d9247a21e1992859a59f8335/nerfstudio/images_4/frame_00136.png,7705a2edd022de9da3f8cead677287645986e982d9247a21e1992859a59f8335/nerfstudio/images_4/frame_00340.png,7705a2edd022,65.1847,14.268,68.085,62.5542,3.1858
39459,39611,d4fbeba0168af8fddb2fc695881787aedcd62f477c7dcec9ebca7b8594bbd95b/nerfstudio/images_4/frame_00054.png,d4fbeba0168af8fddb2fc695881787aedcd62f477c7dcec9ebca7b8594bbd95b/nerfstudio/images_4/frame_00206.png,d4fbeba0168a,65.3643,20.4066,68.0895,68.0871,1.3191
25428,25589,85cd0e92110bcd35e826cbff16bb0e85d8117717adaf36f0698920f0fb9b2cfd/nerfstudio/images_4/frame_00208.png,85cd0e92110bcd35e826cbff16bb0e85d8117717adaf36f0698920f0fb9b2cfd/nerfstudio/images_4/frame_00369.png,85cd0e92110b,74.5372,4.2679,77.0312,74.0796,8.9911
29358,29455,9cbc5548643ca9cfe797f871bac58bccd02f0510c49b7cb3697b38dfd780a508/nerfstudio/images_4/frame_00142.png,9cbc5548643ca9cfe797f871bac58bccd02f0510c49b7cb3697b38dfd780a508/nerfstudio/images_4/frame_00239.png,9cbc5548643c,89.4171,8.5784,89.6725,89.633,8.9665
11101,11282,35872363e17af5d173b6a0b09fcf5de94627ad5dc5f8a9ad4c579f3e70b4797a/nerfstudio/images_4/frame_00092.png,35872363e17af5d173b6a0b09fcf5de94627ad5dc5f8a9ad4c579f3e70b4797a/nerfstudio/images_4/frame_00273.png,35872363e17a,57.0035,10.2613,57.3767,56.9292,8.607
38964,38994,d3812aad538261e7f73c75762ff55f23b468bcc76f376d52ac86ca6cf3c44b4b/nerfstudio/images_4/frame_00277.png,d3812aad538261e7f73c75762ff55f23b468bcc76f376d52ac86ca6cf3c44b4b/nerfstudio/images_4/frame_00307.png,d3812aad5382,87.7044,1.2977,87.5678,87.4161,1.1868
41309,41526,dac9796dd69e1c25277e29d7e30af4f21e3b575d62a0a208c2b3d1211e2d5d77/nerfstudio/images_4/frame_00088.png,dac9796dd69e1c25277e29d7e30af4f21e3b575d62a0a208c2b3d1211e2d5d77/nerfstudio/images_4/frame_00305.png,dac9796dd69e,71.6408,14.5518,74.2844,72.5128,5.4426
33738,33816,b3bf9079b442c681749f6bd95cfb0659c6d844f2228b2f4fa4b602a0e3627b9a/nerfstudio/images_4/frame_00211.png,b3bf9079b442c681749f6bd95cfb0659c6d844f2228b2f4fa4b602a0e3627b9a/nerfstudio/images_4/frame_00289.png,b3bf9079b442,50.7064,3.2399,52.5338,50.7806,5.7391
29261,29406,9cbc5548643ca9cfe797f871bac58bccd02f0510c49b7cb3697b38dfd780a508/nerfstudio/images_4/frame_00045.png,9cbc5548643ca9cfe797f871bac58bccd02f0510c49b7cb3697b38dfd780a508/nerfstudio/images_4/frame_00190.png,9cbc5548643c,54.7712,2.4895,55.1921,54.7695,4.6033
8824,8895,2b65ba886efac7af6253fce68ae9284bf4d4db019e17c47f3e853361acbdb066/nerfstudio/images_4/frame_00194.png,2b65ba886efac7af6253fce68ae9284bf4d4db019e17c47f3e853361acbdb066/nerfstudio/images_4/frame_00265.png,2b65ba886efa,74.1831,0.4626,74.4268,74.1713,4.543
46672,46785,f004c810d94bac93f527606a2ff859d646f99fcac0868c6c6905b29c718fa37b/nerfstudio/images_4/frame_00074.png,f004c810d94bac93f527606a2ff859d646f99fcac0868c6c6905b29c718fa37b/nerfstudio/images_4/frame_00187.png,f004c810d94b,64.4409,12.4763,65.8034,65.2634,4.7956
12502,12886,3b16a10ec9b4ab71580958b634485a979ffd6df0d368dbbf6fc1c5ffacf46b7a/nerfstudio/images_4/frame_00024.png,3b16a10ec9b4ab71580958b634485a979ffd6df0d368dbbf6fc1c5ffacf46b7a/nerfstudio/images_4/frame_00408.png,3b16a10ec9b4,53.935,32.6624,63.6621,61.7079,5.1096
5375,5541,183dd248f6a86e07c5adf9de8ee2d0abe45b1216331c03678e89634c2e9b1c7f/nerfstudio/images_4/frame_00183.png,183dd248f6a86e07c5adf9de8ee2d0abe45b1216331c03678e89634c2e9b1c7f/nerfstudio/images_4/frame_00349.png,183dd248f6a8,51.1027,0.621,51.0916,49.8773,3.1863
24541,24730,800cf88687a79c232700454c2f5a402e771bc7157037a17b0ce93da365b25575/nerfstudio/images_4/frame_00073.png,800cf88687a79c232700454c2f5a402e771bc7157037a17b0ce93da365b25575/nerfstudio/images_4/frame_00262.png,800cf88687a7,52.1396,11.1443,55.9078,52.6625,5.6752
4858,4922,165f5af8bfe32f70595a1c9393a6e442acf7af019998275144f605b89a306557/nerfstudio/images_4/frame_00001.png,165f5af8bfe32f70595a1c9393a6e442acf7af019998275144f605b89a306557/nerfstudio/images_4/frame_00065.png,165f5af8bfe3,57.335,8.2482,60.4756,57.7031,6.0177
5607,5846,1ba74c22670ad047981441581d00f26f4a148d1010bcac7468c615adf5fa4d5d/nerfstudio/images_4/frame_00031.png,1ba74c22670ad047981441581d00f26f4a148d1010bcac7468c615adf5fa4d5d/nerfstudio/images_4/frame_00270.png,1ba74c22670a,54.8789,11.1964,56.1031,55.8574,3.9233
12424,12452,389a460ca1995e0658e85fe8e6b520b4e88b370cd6710dfe728b1564bba31aee/nerfstudio/images_4/frame_00357.png,389a460ca1995e0658e85fe8e6b520b4e88b370cd6710dfe728b1564bba31aee/nerfstudio/images_4/frame_00385.png,389a460ca199,77.8261,16.7135,79.3078,79.2855,1.4889
47665,47792,f7aaea9ac683bb1945cfeb1daa9abca3375249e0d19281a89a3f575040835464/nerfstudio/images_4/frame_00123.png,f7aaea9ac683bb1945cfeb1daa9abca3375249e0d19281a89a3f575040835464/nerfstudio/images_4/frame_00250.png,f7aaea9ac683,69.6378,1.8646,79.4618,69.1893,11.05
510,586,0569e83fdc248a51fc0ab082ce5e2baff15755c53c207f545e6d02d91f01d166/nerfstudio/images_4/frame_00192.png,0569e83fdc248a51fc0ab082ce5e2baff15755c53c207f545e6d02d91f01d166/nerfstudio/images_4/frame_00268.png,0569e83fdc24,52.8628,1.8035,52.8783,52.8275,6.9183
1053,1201,073f5a9b983ced6fb28b23051260558b165f328a16b2d33fe20585b7ee4ad561/nerfstudio/images_4/frame_00110.png,073f5a9b983ced6fb28b23051260558b165f328a16b2d33fe20585b7ee4ad561/nerfstudio/images_4/frame_00258.png,073f5a9b983c,63.2566,4.1273,63.3072,63.2733,4.3825
46307,46440,ef59aac437132bfc1dd45a7e1f8e4800978e7bb28bf98c4428d26fb3e1da3e90/nerfstudio/images_4/frame_00016.png,ef59aac437132bfc1dd45a7e1f8e4800978e7bb28bf98c4428d26fb3e1da3e90/nerfstudio/images_4/frame_00149.png,ef59aac43713,73.2762,1.1289,73.2909,73.1918,10.0737
39566,39645,d4fbeba0168af8fddb2fc695881787aedcd62f477c7dcec9ebca7b8594bbd95b/nerfstudio/images_4/frame_00161.png,d4fbeba0168af8fddb2fc695881787aedcd62f477c7dcec9ebca7b8594bbd95b/nerfstudio/images_4/frame_00240.png,d4fbeba0168a,60.0918,15.4694,62.3371,61.4544,7.0495
1092,1290,073f5a9b983ced6fb28b23051260558b165f328a16b2d33fe20585b7ee4ad561/nerfstudio/images_4/frame_00149.png,073f5a9b983ced6fb28b23051260558b165f328a16b2d33fe20585b7ee4ad561/nerfstudio/images_4/frame_00347.png,073f5a9b983c,59.006,21.9851,62.5857,61.1716,1.5602
41996,42121,ddfdcfdf02d53dd89a055cd9e1ed30272ab3f57c7560ac2c3761bb01d76a7882/nerfstudio/images_4/frame_00100.png,ddfdcfdf02d53dd89a055cd9e1ed30272ab3f57c7560ac2c3761bb01d76a7882/nerfstudio/images_4/frame_00225.png,ddfdcfdf02d5,69.3538,10.2109,70.3695,70.0013,8.7244
9085,9133,2beaca318994c25409dcbb6d0bdd96c3620f2f18aec44ea3f20edd302f18ca78/nerfstudio/images_4/frame_00128.png,2beaca318994c25409dcbb6d0bdd96c3620f2f18aec44ea3f20edd302f18ca78/nerfstudio/images_4/frame_00176.png,2beaca318994,64.5706,3.2314,64.3818,64.3809,8.4803
22,138,032dee9fb0a8bc1b90871dc5fe950080d0bcd3caf166447f44e60ca50ac04ec7/nerfstudio/images_4/frame_00023.png,032dee9fb0a8bc1b90871dc5fe950080d0bcd3caf166447f44e60ca50ac04ec7/nerfstudio/images_4/frame_00139.png,032dee9fb0a8,53.2409,0.9587,56.2966,52.6355,7.7904
36753,37007,c455899acfc8816353a55fade692d19d9c2bff68c8615f852931d5754848db74/nerfstudio/images_4/frame_00035.png,c455899acfc8816353a55fade692d19d9c2bff68c8615f852931d5754848db74/nerfstudio/images_4/frame_00289.png,c455899acfc8,72.5125,6.9105,71.9974,71.9846,4.6112
8973,9025,2beaca318994c25409dcbb6d0bdd96c3620f2f18aec44ea3f20edd302f18ca78/nerfstudio/images_4/frame_00016.png,2beaca318994c25409dcbb6d0bdd96c3620f2f18aec44ea3f20edd302f18ca78/nerfstudio/images_4/frame_00068.png,2beaca318994,53.3521,0.8297,54.8981,52.7691,7.6105
10029,10076,32c2b92fac40c698fa92de008a9aad0857168d255363a850a89de88b5b3ec42e/nerfstudio/images_4/frame_00060.png,32c2b92fac40c698fa92de008a9aad0857168d255363a850a89de88b5b3ec42e/nerfstudio/images_4/frame_00107.png,32c2b92fac40,62.1571,4.6282,63.5573,61.8211,6.0177
7937,7985,286239bd0d4436b747987c40f8cbfc0675bb69435d4ab19a3f73b9d816d0c09a/nerfstudio/images_4/frame_00070.png,286239bd0d4436b747987c40f8cbfc0675bb69435d4ab19a3f73b9d816d0c09a/nerfstudio/images_4/frame_00118.png,286239bd0d44,86.9406,16.276,94.0602,83.1812,5.5269
12492,12519,3b16a10ec9b4ab71580958b634485a979ffd6df0d368dbbf6fc1c5ffacf46b7a/nerfstudio/images_4/frame_00014.png,3b16a10ec9b4ab71580958b634485a979ffd6df0d368dbbf6fc1c5ffacf46b7a/nerfstudio/images_4/frame_00041.png,3b16a10ec9b4,50.7162,2.011,51.6668,50.5758,3.801
42011,42171,ddfdcfdf02d53dd89a055cd9e1ed30272ab3f57c7560ac2c3761bb01d76a7882/nerfstudio/images_4/frame_00115.png,ddfdcfdf02d53dd89a055cd9e1ed30272ab3f57c7560ac2c3761bb01d76a7882/nerfstudio/images_4/frame_00275.png,ddfdcfdf02d5,59.8639,6.4205,62.445,59.5743,10.3478
44056,44185,e78f8cebd2bd93d960bfaeac18fac0bb2524f15c44288903cd20b73e599e8a81/nerfstudio/images_4/frame_00180.png,e78f8cebd2bd93d960bfaeac18fac0bb2524f15c44288903cd20b73e599e8a81/nerfstudio/images_4/frame_00309.png,e78f8cebd2bd,61.1176,24.9028,65.8711,65.4124,9.0344
47234,47355,f71ac346cd0fc4652a89afb37044887ec3907d37d01d1ceb0ad28e1a780d8e03/nerfstudio/images_4/frame_00023.png,f71ac346cd0fc4652a89afb37044887ec3907d37d01d1ceb0ad28e1a780d8e03/nerfstudio/images_4/frame_00144.png,f71ac346cd0f,85.0088,4.1373,85.5792,84.8891,9.4517
47350,47495,f71ac346cd0fc4652a89afb37044887ec3907d37d01d1ceb0ad28e1a780d8e03/nerfstudio/images_4/frame_00139.png,f71ac346cd0fc4652a89afb37044887ec3907d37d01d1ceb0ad28e1a780d8e03/nerfstudio/images_4/frame_00284.png,f71ac346cd0f,77.6289,0.008,77.392,76.6976,10.2008
8478,8500,2991a75d1f0fb2b7a891d424fc2459bb954b61599b52e74a056a7acfb2998b77/nerfstudio/images_4/frame_00215.png,2991a75d1f0fb2b7a891d424fc2459bb954b61599b52e74a056a7acfb2998b77/nerfstudio/images_4/frame_00237.png,2991a75d1f0f,78.1834,9.9903,77.9618,73.0697,3.719
1494,1641,07d9f9724ca854fae07cb4c57d7ea22bf667d5decd4058f547728922f909956b/nerfstudio/images_4/frame_00141.png,07d9f9724ca854fae07cb4c57d7ea22bf667d5decd4058f547728922f909956b/nerfstudio/images_4/frame_00288.png,07d9f9724ca8,77.7877,7.0394,79.8254,77.9393,9.4466
22600,22719,70eac6ff18a1daae4eeccc5eb18723eaf7e029a77e79c79d9573f7bac59ba92b/nerfstudio/images_4/frame_00154.png,70eac6ff18a1daae4eeccc5eb18723eaf7e029a77e79c79d9573f7bac59ba92b/nerfstudio/images_4/frame_00273.png,70eac6ff18a1,63.2968,18.1336,66.3337,65.5817,9.7341
46708,46879,f004c810d94bac93f527606a2ff859d646f99fcac0868c6c6905b29c718fa37b/nerfstudio/images_4/frame_00110.png,f004c810d94bac93f527606a2ff859d646f99fcac0868c6c6905b29c718fa37b/nerfstudio/images_4/frame_00281.png,f004c810d94b,73.3294,3.7841,73.9436,73.376,8.2082
1370,1506,07d9f9724ca854fae07cb4c57d7ea22bf667d5decd4058f547728922f909956b/nerfstudio/images_4/frame_00017.png,07d9f9724ca854fae07cb4c57d7ea22bf667d5decd4058f547728922f909956b/nerfstudio/images_4/frame_00153.png,07d9f9724ca8,63.1526,2.4802,64.8698,63.1402,9.9007
2040,2208,093ef327b4e4f9d4ee52c02a354a53558a8652157fb0d58f3b4a708734afb334/nerfstudio/images_4/frame_00020.png,093ef327b4e4f9d4ee52c02a354a53558a8652157fb0d58f3b4a708734afb334/nerfstudio/images_4/frame_00188.png,093ef327b4e4,50.9182,4.2009,50.5196,50.1204,2.2567
33263,33466,b2076bc7231bac445b1a3d0015a410675a3222f25cc219e8178a62a0dd4ac63d/nerfstudio/images_4/frame_00054.png,b2076bc7231bac445b1a3d0015a410675a3222f25cc219e8178a62a0dd4ac63d/nerfstudio/images_4/frame_00257.png,b2076bc7231b,67.7576,11.361,76.506,63.1193,3.766
33023,33147,af0d7039e64af3959210c235e59425896ac064f4e0f721c437bbd2cf1d8ea910/nerfstudio/images_4/frame_00143.png,af0d7039e64af3959210c235e59425896ac064f4e0f721c437bbd2cf1d8ea910/nerfstudio/images_4/frame_00267.png,af0d7039e64a,82.4829,3.1147,82.839,82.3417,7.857
823,843,06da796666297fe4c683c231edf56ec00148a6a52ab5bb159fe1be31f53a58df/nerfstudio/images_4/frame_00198.png,06da796666297fe4c683c231edf56ec00148a6a52ab5bb159fe1be31f53a58df/nerfstudio/images_4/frame_00218.png,06da79666629,66.3822,6.6891,67.3452,65.8553,3.1092
26084,26214,8cb2e97d26a639f05a571476240a8fa86988e6853f0f13cc05830d1578002aad/nerfstudio/images_4/frame_00155.png,8cb2e97d26a639f05a571476240a8fa86988e6853f0f13cc05830d1578002aad/nerfstudio/images_4/frame_00285.png,8cb2e97d26a6,54.0484,1.3093,58.9809,54.0243,6.5419
43919,44051,e78f8cebd2bd93d960bfaeac18fac0bb2524f15c44288903cd20b73e599e8a81/nerfstudio/images_4/frame_00043.png,e78f8cebd2bd93d960bfaeac18fac0bb2524f15c44288903cd20b73e599e8a81/nerfstudio/images_4/frame_00175.png,e78f8cebd2bd,59.0682,17.1764,61.4811,61.2663,7.1909
45663,45931,ec305787b70029b782c71c1bf296c3885c7c22619e5661bd40085533ddfee5e4/nerfstudio/images_4/frame_00077.png,ec305787b70029b782c71c1bf296c3885c7c22619e5661bd40085533ddfee5e4/nerfstudio/images_4/frame_00345.png,ec305787b700,71.2295,2.4397,71.4304,71.2454,1.9134
48256,48310,fb3b73f1d3fe9d192f21f55f5100fd258887aef345f778e0a64fc0587930a6f9/nerfstudio/images_4/frame_00041.png,fb3b73f1d3fe9d192f21f55f5100fd258887aef345f778e0a64fc0587930a6f9/nerfstudio/images_4/frame_00095.png,fb3b73f1d3fe,70.2582,3.6318,72.2837,67.8943,6.3232
4723,4749,15ff83e2531668d27c92091c97d31401ce323e24ee7c844cb32d5109ab9335f7/nerfstudio/images_4/frame_00214.png,15ff83e2531668d27c92091c97d31401ce323e24ee7c844cb32d5109ab9335f7/nerfstudio/images_4/frame_00240.png,15ff83e25316,65.5915,2.2014,66.0282,65.3575,5.0721
23917,24025,7a9f97660be8f2421b37dd413c898360532f17c6447c11515e8aded2d80eb99d/nerfstudio/images_4/frame_00085.png,7a9f97660be8f2421b37dd413c898360532f17c6447c11515e8aded2d80eb99d/nerfstudio/images_4/frame_00193.png,7a9f97660be8,61.7126,9.9871,62.8226,62.3423,3.9832
30839,30952,a401469cb0fa576b93e836a4a6d712394f1a55a0a53a42250286980bd078e669/nerfstudio/images_4/frame_00187.png,a401469cb0fa576b93e836a4a6d712394f1a55a0a53a42250286980bd078e669/nerfstudio/images_4/frame_00300.png,a401469cb0fa,64.4674,27.3449,69.5886,69.2812,5.2244
11715,11805,387eeb925ba47af5db9ce6102aaf6b07e6d3573b7e7568dda4cef22d5ab1342f/nerfstudio/images_4/frame_00023.png,387eeb925ba47af5db9ce6102aaf6b07e6d3573b7e7568dda4cef22d5ab1342f/nerfstudio/images_4/frame_00113.png,387eeb925ba4,62.5734,5.4098,67.3521,60.0434,8.2409
28142,28295,946f49be73928469000baa5ca04d2573137c5ee6a66362bcf8d130354dca8924/nerfstudio/images_4/frame_00020.png,946f49be73928469000baa5ca04d2573137c5ee6a66362bcf8d130354dca8924/nerfstudio/images_4/frame_00173.png,946f49be7392,68.724,2.7176,70.7282,68.6906,12.0121
2621,2660,0a1b7c20a92c43c6b8954b1ac909fb2f0fa8b2997b80604bc8bbec80a1cb2da3/nerfstudio/images_4/frame_00227.png,0a1b7c20a92c43c6b8954b1ac909fb2f0fa8b2997b80604bc8bbec80a1cb2da3/nerfstudio/images_4/frame_00266.png,0a1b7c20a92c,63.1085,4.8225,66.7164,62.1443,4.394
47926,48003,fb2c0499c225d6124938cadcf0dc48cbb490551b8a69c98386491c1366163632/nerfstudio/images_4/frame_00039.png,fb2c0499c225d6124938cadcf0dc48cbb490551b8a69c98386491c1366163632/nerfstudio/images_4/frame_00116.png,fb2c0499c225,83.0396,2.7424,83.0797,83.0761,7.2298
11383,11566,374ffd0c5ff8e544f588f1da3ce0d5b69dc39ff3af95d7ccec480fe5e533c45e/nerfstudio/images_4/frame_00029.png,374ffd0c5ff8e544f588f1da3ce0d5b69dc39ff3af95d7ccec480fe5e533c45e/nerfstudio/images_4/frame_00212.png,374ffd0c5ff8,53.9033,3.4712,54.0663,54.0005,6.7801
15675,15707,4ae797d07b6d1644c9db6919c8cc8c0d28d72be45108ac7a3abf8dc21b599d83/nerfstudio/images_4/frame_00008.png,4ae797d07b6d1644c9db6919c8cc8c0d28d72be45108ac7a3abf8dc21b599d83/nerfstudio/images_4/frame_00040.png,4ae797d07b6d,68.5476,3.1248,69.5785,66.4733,4.5818
44578,44632,e9360e7a89bee835dc847cf8796093e634b759ff582558788dcfe8326f6e8901/nerfstudio/images_4/frame_00017.png,e9360e7a89bee835dc847cf8796093e634b759ff582558788dcfe8326f6e8901/nerfstudio/images_4/frame_00071.png,e9360e7a89be,54.1616,1.3143,54.0714,53.2228,4.8039
41902,42027,ddfdcfdf02d53dd89a055cd9e1ed30272ab3f57c7560ac2c3761bb01d76a7882/nerfstudio/images_4/frame_00006.png,ddfdcfdf02d53dd89a055cd9e1ed30272ab3f57c7560ac2c3761bb01d76a7882/nerfstudio/images_4/frame_00131.png,ddfdcfdf02d5,70.1723,14.8827,72.492,71.4307,11.2493
23513,23655,7705a2edd022de9da3f8cead677287645986e982d9247a21e1992859a59f8335/nerfstudio/images_4/frame_00049.png,7705a2edd022de9da3f8cead677287645986e982d9247a21e1992859a59f8335/nerfstudio/images_4/frame_00191.png,7705a2edd022,73.687,1.5458,71.8174,68.2315,4.5845
9766,9884,2f3e1c0f688c84cec67f9a1ea219c54c14ffabf31a046e620dacc690cac2f1bd/nerfstudio/images_4/frame_00142.png,2f3e1c0f688c84cec67f9a1ea219c54c14ffabf31a046e620dacc690cac2f1bd/nerfstudio/images_4/frame_00260.png,2f3e1c0f688c,77.143,15.5669,78.9368,78.4122,5.8907
34387,34438,b5faa2a8ce980030125717352086bf9ec16c5d994bae3b3a732da3eb67cf4fa8/nerfstudio/images_4/frame_00155.png,b5faa2a8ce980030125717352086bf9ec16c5d994bae3b3a732da3eb67cf4fa8/nerfstudio/images_4/frame_00206.png,b5faa2a8ce98,77.9158,9.8802,78.608,76.858,4.0162
19502,19779,5c8dafad7d782c76ffad8c14e9e1244ce2b83aa12324c54a3cc10176964acf04/nerfstudio/images_4/frame_00036.png,5c8dafad7d782c76ffad8c14e9e1244ce2b83aa12324c54a3cc10176964acf04/nerfstudio/images_4/frame_00319.png,5c8dafad7d78,55.045,2.9034,55.4758,55.078,4.4667
25113,25196,8324b3ca22085040c2a0ecb7284e0cdf776b1f846b73a7c0df893587cb4a45f8/nerfstudio/images_4/frame_00302.png,8324b3ca22085040c2a0ecb7284e0cdf776b1f846b73a7c0df893587cb4a45f8/nerfstudio/images_4/frame_00385.png,8324b3ca2208,89.3308,1.7898,89.559,89.1632,3.0823
32922,33042,af0d7039e64af3959210c235e59425896ac064f4e0f721c437bbd2cf1d8ea910/nerfstudio/images_4/frame_00042.png,af0d7039e64af3959210c235e59425896ac064f4e0f721c437bbd2cf1d8ea910/nerfstudio/images_4/frame_00162.png,af0d7039e64a,59.1538,12.173,64.0854,58.6934,7.8895
14016,14215,41036716da7efda334c1d434c4141d15642e0e02f881a01b6c8c36f8bea64c45/nerfstudio/images_4/frame_00157.png,41036716da7efda334c1d434c4141d15642e0e02f881a01b6c8c36f8bea64c45/nerfstudio/images_4/frame_00356.png,41036716da7e,59.9621,0.9962,59.4121,59.4082,2.7237
3113,3380,0bfdd020cf475b9c68e4b469d1d1a2d0cad303eefe8b78fb2307855afdaac8be/nerfstudio/images_4/frame_00075.png,0bfdd020cf475b9c68e4b469d1d1a2d0cad303eefe8b78fb2307855afdaac8be/nerfstudio/images_4/frame_00342.png,0bfdd020cf47,77.9937,8.22,78.5799,77.3711,4.1828
40501,40834,d9b6376623741313bf6da6bf4cdb9828be614a2ce9390ceb3f31cd535d661a75/nerfstudio/images_4/frame_00012.png,d9b6376623741313bf6da6bf4cdb9828be614a2ce9390ceb3f31cd535d661a75/nerfstudio/images_4/frame_00349.png,d9b637662374,86.3768,46.7088,93.5916,93.478,5.7552
4525,4803,15ff83e2531668d27c92091c97d31401ce323e24ee7c844cb32d5109ab9335f7/nerfstudio/images_4/frame_00016.png,15ff83e2531668d27c92091c97d31401ce323e24ee7c844cb32d5109ab9335f7/nerfstudio/images_4/frame_00299.png,15ff83e25316,84.689,21.7382,86.7623,81.7191,3.8044
28248,28370,946f49be73928469000baa5ca04d2573137c5ee6a66362bcf8d130354dca8924/nerfstudio/images_4/frame_00126.png,946f49be73928469000baa5ca04d2573137c5ee6a66362bcf8d130354dca8924/nerfstudio/images_4/frame_00248.png,946f49be7392,63.3673,15.2578,64.9238,64.8903,0.955
41904,42048,ddfdcfdf02d53dd89a055cd9e1ed30272ab3f57c7560ac2c3761bb01d76a7882/nerfstudio/images_4/frame_00008.png,ddfdcfdf02d53dd89a055cd9e1ed30272ab3f57c7560ac2c3761bb01d76a7882/nerfstudio/images_4/frame_00152.png,ddfdcfdf02d5,63.931,13.7607,66.1125,65.1403,8.8382
3498,3743,119fd56d3797e2d349ca64ddcc5851463cd13b5974b5b2e4566ed5cf7e02e6c1/nerfstudio/images_4/frame_00050.png,119fd56d3797e2d349ca64ddcc5851463cd13b5974b5b2e4566ed5cf7e02e6c1/nerfstudio/images_4/frame_00295.png,119fd56d3797,77.8404,5.0693,72.8881,58.6172,5.1227
20160,20257,63798f5c6fbfcb4eb686268248b8ecbc8d87d920b2bcce967eeaedfd3b3b6d82/nerfstudio/images_4/frame_00016.png,63798f5c6fbfcb4eb686268248b8ecbc8d87d920b2bcce967eeaedfd3b3b6d82/nerfstudio/images_4/frame_00113.png,63798f5c6fbf,78.1576,14.0065,78.902,78.8265,7.6324
24858,25068,8324b3ca22085040c2a0ecb7284e0cdf776b1f846b73a7c0df893587cb4a45f8/nerfstudio/images_4/frame_00047.png,8324b3ca22085040c2a0ecb7284e0cdf776b1f846b73a7c0df893587cb4a45f8/nerfstudio/images_4/frame_00257.png,8324b3ca2208,59.0255,4.1465,59.3578,58.9822,4.4786
24965,25005,8324b3ca22085040c2a0ecb7284e0cdf776b1f846b73a7c0df893587cb4a45f8/nerfstudio/images_4/frame_00154.png,8324b3ca22085040c2a0ecb7284e0cdf776b1f846b73a7c0df893587cb4a45f8/nerfstudio/images_4/frame_00194.png,8324b3ca2208,70.045,0.6093,70.1125,70.0194,6.4296
28461,28508,9641a1ed7963ce5ca734cff3e6ccea3dfa8bcb0b0a3ff78f65d32a080de2d71e/nerfstudio/images_4/frame_00025.png,9641a1ed7963ce5ca734cff3e6ccea3dfa8bcb0b0a3ff78f65d32a080de2d71e/nerfstudio/images_4/frame_00072.png,9641a1ed7963,52.2338,2.6333,53.7451,50.8926,3.7359
2033,2144,093ef327b4e4f9d4ee52c02a354a53558a8652157fb0d58f3b4a708734afb334/nerfstudio/images_4/frame_00013.png,093ef327b4e4f9d4ee52c02a354a53558a8652157fb0d58f3b4a708734afb334/nerfstudio/images_4/frame_00124.png,093ef327b4e4,65.6217,2.9166,67.0702,63.873,4.4318
25089,25110,8324b3ca22085040c2a0ecb7284e0cdf776b1f846b73a7c0df893587cb4a45f8/nerfstudio/images_4/frame_00278.png,8324b3ca22085040c2a0ecb7284e0cdf776b1f846b73a7c0df893587cb4a45f8/nerfstudio/images_4/frame_00299.png,8324b3ca2208,85.813,13.3129,86.4416,86.2343,3.2522
44587,44856,e9360e7a89bee835dc847cf8796093e634b759ff582558788dcfe8326f6e8901/nerfstudio/images_4/frame_00026.png,e9360e7a89bee835dc847cf8796093e634b759ff582558788dcfe8326f6e8901/nerfstudio/images_4/frame_00295.png,e9360e7a89be,57.5031,17.9026,60.1446,59.9841,3.2366
19554,19690,5c8dafad7d782c76ffad8c14e9e1244ce2b83aa12324c54a3cc10176964acf04/nerfstudio/images_4/frame_00094.png,5c8dafad7d782c76ffad8c14e9e1244ce2b83aa12324c54a3cc10176964acf04/nerfstudio/images_4/frame_00230.png,5c8dafad7d78,64.6888,13.0327,65.6345,65.6122,8.9192
7999,8129,286239bd0d4436b747987c40f8cbfc0675bb69435d4ab19a3f73b9d816d0c09a/nerfstudio/images_4/frame_00132.png,286239bd0d4436b747987c40f8cbfc0675bb69435d4ab19a3f73b9d816d0c09a/nerfstudio/images_4/frame_00263.png,286239bd0d44,79.0922,29.7014,88.6257,79.9551,6.5881
38503,38548,d1b3a0b37acc72207295b05e8c359f8b43bf879eb882c60747cfc6d3c7d8efa3/nerfstudio/images_4/frame_00135.png,d1b3a0b37acc72207295b05e8c359f8b43bf879eb882c60747cfc6d3c7d8efa3/nerfstudio/images_4/frame_00180.png,d1b3a0b37acc,72.9989,30.3424,78.4692,78.2359,4.8815
343,447,0569e83fdc248a51fc0ab082ce5e2baff15755c53c207f545e6d02d91f01d166/nerfstudio/images_4/frame_00025.png,0569e83fdc248a51fc0ab082ce5e2baff15755c53c207f545e6d02d91f01d166/nerfstudio/images_4/frame_00129.png,0569e83fdc24,73.934,15.9558,75.4171,75.3952,8.6074
27570,27598,918c8dad730c3b804306c5da8486124be4aa0612e85fb825338fd350c912e1b0/nerfstudio/images_4/frame_00260.png,918c8dad730c3b804306c5da8486124be4aa0612e85fb825338fd350c912e1b0/nerfstudio/images_4/frame_00288.png,918c8dad730c,72.1256,13.0928,76.4819,71.5971,2.0984
26883,26977,90cb7ef95384138c2370f13a9ae1698fb1b5bdd68e8b3d01f8e53d38933a4b92/nerfstudio/images_4/frame_00243.png,90cb7ef95384138c2370f13a9ae1698fb1b5bdd68e8b3d01f8e53d38933a4b92/nerfstudio/images_4/frame_00337.png,90cb7ef95384,59.3362,35.2535,68.8916,68.0992,6.4044
399,611,0569e83fdc248a51fc0ab082ce5e2baff15755c53c207f545e6d02d91f01d166/nerfstudio/images_4/frame_00081.png,0569e83fdc248a51fc0ab082ce5e2baff15755c53c207f545e6d02d91f01d166/nerfstudio/images_4/frame_00293.png,0569e83fdc24,51.6684,7.5302,52.2886,52.1029,5.6276
43597,43716,e5684b3292bfd77db297839fc37ee4cce7fd59775af1a6a4827e3b4f59c036d3/nerfstudio/images_4/frame_00040.png,e5684b3292bfd77db297839fc37ee4cce7fd59775af1a6a4827e3b4f59c036d3/nerfstudio/images_4/frame_00159.png,e5684b3292bf,84.1216,31.853,94.2334,82.4757,5.622
39870,39909,d8de66037bd03dd0d39d54f9978bac3318d912e30e22c21e1ada82a98ed48c53/nerfstudio/images_4/frame_00141.png,d8de66037bd03dd0d39d54f9978bac3318d912e30e22c21e1ada82a98ed48c53/nerfstudio/images_4/frame_00180.png,d8de66037bd0,53.2816,4.7816,53.6312,53.4245,4.3098
42686,42891,df04f58064684c1a31aa0ffbbcf34199d01d0a0ff289588eb2d6c6cf50a3922c/nerfstudio/images_4/frame_00097.png,df04f58064684c1a31aa0ffbbcf34199d01d0a0ff289588eb2d6c6cf50a3922c/nerfstudio/images_4/frame_00302.png,df04f5806468,51.023,0.2593,62.1491,50.9049,8.9004
14275,14417,444da1b4a3f1ca019d4c9c1b405a579427746ccc96cab6dab7dcba5cb4fc998c/nerfstudio/images_4/frame_00037.png,444da1b4a3f1ca019d4c9c1b405a579427746ccc96cab6dab7dcba5cb4fc998c/nerfstudio/images_4/frame_00179.png,444da1b4a3f1,54.1224,4.9443,59.4009,54.2996,8.1941
16659,16700,50c46cf8b8b22c8d2ffdef8964b05ddbceaef312c9a9ff331d1ecebfd223f72a/nerfstudio/images_4/frame_00317.png,50c46cf8b8b22c8d2ffdef8964b05ddbceaef312c9a9ff331d1ecebfd223f72a/nerfstudio/images_4/frame_00358.png,50c46cf8b8b2,67.3072,5.0044,67.6099,66.9513,5.0143
39829,40011,d8de66037bd03dd0d39d54f9978bac3318d912e30e22c21e1ada82a98ed48c53/nerfstudio/images_4/frame_00100.png,d8de66037bd03dd0d39d54f9978bac3318d912e30e22c21e1ada82a98ed48c53/nerfstudio/images_4/frame_00282.png,d8de66037bd0,67.7139,3.6375,67.9442,67.6536,8.0699
5889,5904,1ba74c22670ad047981441581d00f26f4a148d1010bcac7468c615adf5fa4d5d/nerfstudio/images_4/frame_00313.png,1ba74c22670ad047981441581d00f26f4a148d1010bcac7468c615adf5fa4d5d/nerfstudio/images_4/frame_00328.png,1ba74c22670a,52.9212,3.413,53.0204,53.019,1.7552
26647,26885,90cb7ef95384138c2370f13a9ae1698fb1b5bdd68e8b3d01f8e53d38933a4b92/nerfstudio/images_4/frame_00007.png,90cb7ef95384138c2370f13a9ae1698fb1b5bdd68e8b3d01f8e53d38933a4b92/nerfstudio/images_4/frame_00245.png,90cb7ef95384,58.9242,15.0869,60.2171,60.2155,7.5732
39620,39702,d4fbeba0168af8fddb2fc695881787aedcd62f477c7dcec9ebca7b8594bbd95b/nerfstudio/images_4/frame_00215.png,d4fbeba0168af8fddb2fc695881787aedcd62f477c7dcec9ebca7b8594bbd95b/nerfstudio/images_4/frame_00297.png,d4fbeba0168a,65.6961,3.2006,65.6952,63.9139,6.1322
11821,11972,387eeb925ba47af5db9ce6102aaf6b07e6d3573b7e7568dda4cef22d5ab1342f/nerfstudio/images_4/frame_00129.png,387eeb925ba47af5db9ce6102aaf6b07e6d3573b7e7568dda4cef22d5ab1342f/nerfstudio/images_4/frame_00280.png,387eeb925ba4,71.5696,28.4133,78.2201,76.1492,11.1977
35220,35273,b92b499c9bf92327d5f3a44c9db49bde3400dcb1cfec48d6488831e2b304d0bb/nerfstudio/images_4/frame_00238.png,b92b499c9bf92327d5f3a44c9db49bde3400dcb1cfec48d6488831e2b304d0bb/nerfstudio/images_4/frame_00291.png,b92b499c9bf9,51.0138,6.9013,51.3492,51.3374,4.5538
26898,26963,90cb7ef95384138c2370f13a9ae1698fb1b5bdd68e8b3d01f8e53d38933a4b92/nerfstudio/images_4/frame_00258.png,90cb7ef95384138c2370f13a9ae1698fb1b5bdd68e8b3d01f8e53d38933a4b92/nerfstudio/images_4/frame_00323.png,90cb7ef95384,63.5336,27.2212,68.9639,68.4729,6.5759
28911,29203,9c8c0e0fadd97abf60088f667eba058ef077a71a8c0f5a4eff2782aa97f1ceb8/nerfstudio/images_4/frame_00094.png,9c8c0e0fadd97abf60088f667eba058ef077a71a8c0f5a4eff2782aa97f1ceb8/nerfstudio/images_4/frame_00386.png,9c8c0e0fadd9,57.9954,10.3675,58.9203,58.3908,4.5929
44989,45179,eb4cf52988f805e6fce11d1b239fa9de32eb157364cff06ebac0aa50e0a46567/nerfstudio/images_4/frame_00097.png,eb4cf52988f805e6fce11d1b239fa9de32eb157364cff06ebac0aa50e0a46567/nerfstudio/images_4/frame_00287.png,eb4cf52988f8,53.228,6.5192,53.6381,50.8284,2.608
25359,25491,85cd0e92110bcd35e826cbff16bb0e85d8117717adaf36f0698920f0fb9b2cfd/nerfstudio/images_4/frame_00139.png,85cd0e92110bcd35e826cbff16bb0e85d8117717adaf36f0698920f0fb9b2cfd/nerfstudio/images_4/frame_00271.png,85cd0e92110b,63.0737,6.4429,64.2088,63.3025,7.173
1508,1630,07d9f9724ca854fae07cb4c57d7ea22bf667d5decd4058f547728922f909956b/nerfstudio/images_4/frame_00155.png,07d9f9724ca854fae07cb4c57d7ea22bf667d5decd4058f547728922f909956b/nerfstudio/images_4/frame_00277.png,07d9f9724ca8,69.8751,2.7605,72.7301,69.5676,9.2685
8459,8499,2991a75d1f0fb2b7a891d424fc2459bb954b61599b52e74a056a7acfb2998b77/nerfstudio/images_4/frame_00196.png,2991a75d1f0fb2b7a891d424fc2459bb954b61599b52e74a056a7acfb2998b77/nerfstudio/images_4/frame_00236.png,2991a75d1f0f,69.928,16.0562,71.1223,67.1804,4.5676
21900,22059,6d81c5ab0d480fd43d78b75ff372a8113ad38e2c03f1d69627c009883054d4c2/nerfstudio/images_4/frame_00212.png,6d81c5ab0d480fd43d78b75ff372a8113ad38e2c03f1d69627c009883054d4c2/nerfstudio/images_4/frame_00371.png,6d81c5ab0d48,50.2092,17.7361,53.6956,53.0345,4.8355
27338,27401,918c8dad730c3b804306c5da8486124be4aa0612e85fb825338fd350c912e1b0/nerfstudio/images_4/frame_00023.png,918c8dad730c3b804306c5da8486124be4aa0612e85fb825338fd350c912e1b0/nerfstudio/images_4/frame_00091.png,918c8dad730c,67.266,0.6727,68.9098,67.2507,8.5072
44069,44138,e78f8cebd2bd93d960bfaeac18fac0bb2524f15c44288903cd20b73e599e8a81/nerfstudio/images_4/frame_00193.png,e78f8cebd2bd93d960bfaeac18fac0bb2524f15c44288903cd20b73e599e8a81/nerfstudio/images_4/frame_00262.png,e78f8cebd2bd,63.8582,0.0659,63.4396,63.3665,6.6378
36775,37005,c455899acfc8816353a55fade692d19d9c2bff68c8615f852931d5754848db74/nerfstudio/images_4/frame_00057.png,c455899acfc8816353a55fade692d19d9c2bff68c8615f852931d5754848db74/nerfstudio/images_4/frame_00287.png,c455899acfc8,84.0724,9.8623,83.7976,83.7975,5.0819
15696,15974,4ae797d07b6d1644c9db6919c8cc8c0d28d72be45108ac7a3abf8dc21b599d83/nerfstudio/images_4/frame_00029.png,4ae797d07b6d1644c9db6919c8cc8c0d28d72be45108ac7a3abf8dc21b599d83/nerfstudio/images_4/frame_00307.png,4ae797d07b6d,58.0183,15.5977,59.8462,58.831,4.1399
27487,27601,918c8dad730c3b804306c5da8486124be4aa0612e85fb825338fd350c912e1b0/nerfstudio/images_4/frame_00177.png,918c8dad730c3b804306c5da8486124be4aa0612e85fb825338fd350c912e1b0/nerfstudio/images_4/frame_00291.png,918c8dad730c,81.2275,4.6597,81.2976,80.5048,8.9158
33542,33753,b3bf9079b442c681749f6bd95cfb0659c6d844f2228b2f4fa4b602a0e3627b9a/nerfstudio/images_4/frame_00015.png,b3bf9079b442c681749f6bd95cfb0659c6d844f2228b2f4fa4b602a0e3627b9a/nerfstudio/images_4/frame_00226.png,b3bf9079b442,57.8947,9.4283,62.1162,58.591,5.6028
3814,4098,1264931635e127fb905c8953cbc2deadd0c763e633af7fbd9405a61ca849710c/nerfstudio/images_4/frame_00059.png,1264931635e127fb905c8953cbc2deadd0c763e633af7fbd9405a61ca849710c/nerfstudio/images_4/frame_00343.png,1264931635e1,54.2868,8.6241,54.8952,54.8396,3.6977
48672,48848,ff592398657b3dfe94153332861985194a3e3c9d199c4a3a27a0ce4038e81ade/nerfstudio/images_4/frame_00082.png,ff592398657b3dfe94153332861985194a3e3c9d199c4a3a27a0ce4038e81ade/nerfstudio/images_4/frame_00258.png,ff592398657b,63.8735,10.5419,64.2867,64.2318,3.9238
23148,23193,75fbbe467353cfdeb93bc1872144855576797be83a0c71c51155ee6b355d6d5e/nerfstudio/images_4/frame_00043.png,75fbbe467353cfdeb93bc1872144855576797be83a0c71c51155ee6b355d6d5e/nerfstudio/images_4/frame_00088.png,75fbbe467353,53.8801,1.5645,55.396,52.9974,4.5968
35211,35281,b92b499c9bf92327d5f3a44c9db49bde3400dcb1cfec48d6488831e2b304d0bb/nerfstudio/images_4/frame_00229.png,b92b499c9bf92327d5f3a44c9db49bde3400dcb1cfec48d6488831e2b304d0bb/nerfstudio/images_4/frame_00299.png,b92b499c9bf9,54.0938,3.5569,54.2489,54.1594,5.3395
45951,46070,ed16328235c610f15405ff08711eaf15d88a0503884f3a9ccb5a0ee69cb4acb5/nerfstudio/images_4/frame_00019.png,ed16328235c610f15405ff08711eaf15d88a0503884f3a9ccb5a0ee69cb4acb5/nerfstudio/images_4/frame_00138.png,ed16328235c6,86.4327,2.7076,89.6182,84.9855,8.8257
13750,13843,3bb894d1933f3081134ad2d40e54de5f0636bd8b502b0a8561873bb63b0dce85/nerfstudio/images_4/frame_00233.png,3bb894d1933f3081134ad2d40e54de5f0636bd8b502b0a8561873bb63b0dce85/nerfstudio/images_4/frame_00326.png,3bb894d1933f,55.6684,1.5571,55.6618,55.6527,11.2884
30720,30742,a401469cb0fa576b93e836a4a6d712394f1a55a0a53a42250286980bd078e669/nerfstudio/images_4/frame_00068.png,a401469cb0fa576b93e836a4a6d712394f1a55a0a53a42250286980bd078e669/nerfstudio/images_4/frame_00090.png,a401469cb0fa,53.6553,0.5556,54.2208,52.497,4.6738
18010,18064,565553aa894be621e8b4773cac288e60ad0c2cf7edb621be62b348c9a0f78380/nerfstudio/images_4/frame_00229.png,565553aa894be621e8b4773cac288e60ad0c2cf7edb621be62b348c9a0f78380/nerfstudio/images_4/frame_00283.png,565553aa894b,59.9593,9.4928,61.4238,60.5782,4.5377
36734,36826,c455899acfc8816353a55fade692d19d9c2bff68c8615f852931d5754848db74/nerfstudio/images_4/frame_00016.png,c455899acfc8816353a55fade692d19d9c2bff68c8615f852931d5754848db74/nerfstudio/images_4/frame_00108.png,c455899acfc8,87.6219,22.5436,92.7668,87.1993,2.5717
41903,42008,ddfdcfdf02d53dd89a055cd9e1ed30272ab3f57c7560ac2c3761bb01d76a7882/nerfstudio/images_4/frame_00007.png,ddfdcfdf02d53dd89a055cd9e1ed30272ab3f57c7560ac2c3761bb01d76a7882/nerfstudio/images_4/frame_00112.png,ddfdcfdf02d5,70.652,4.84,72.5863,70.0599,11.382
25225,25281,85cd0e92110bcd35e826cbff16bb0e85d8117717adaf36f0698920f0fb9b2cfd/nerfstudio/images_4/frame_00005.png,85cd0e92110bcd35e826cbff16bb0e85d8117717adaf36f0698920f0fb9b2cfd/nerfstudio/images_4/frame_00061.png,85cd0e92110b,57.4507,3.8682,58.5318,57.5597,6.2
34707,34884,b6d1134cb03c855d246f916beaa2d3d01290cf47937a5176011ff39b850ec615/nerfstudio/images_4/frame_00112.png,b6d1134cb03c855d246f916beaa2d3d01290cf47937a5176011ff39b850ec615/nerfstudio/images_4/frame_00289.png,b6d1134cb03c,80.4481,7.5192,85.3952,78.7016,7.2779
45655,45930,ec305787b70029b782c71c1bf296c3885c7c22619e5661bd40085533ddfee5e4/nerfstudio/images_4/frame_00069.png,ec305787b70029b782c71c1bf296c3885c7c22619e5661bd40085533ddfee5e4/nerfstudio/images_4/frame_00344.png,ec305787b700,71.4428,3.7912,71.5699,71.5242,1.2381
34680,34923,b6d1134cb03c855d246f916beaa2d3d01290cf47937a5176011ff39b850ec615/nerfstudio/images_4/frame_00085.png,b6d1134cb03c855d246f916beaa2d3d01290cf47937a5176011ff39b850ec615/nerfstudio/images_4/frame_00328.png,b6d1134cb03c,53.0319,3.9191,55.3367,52.5744,3.5653
5280,5316,183dd248f6a86e07c5adf9de8ee2d0abe45b1216331c03678e89634c2e9b1c7f/nerfstudio/images_4/frame_00088.png,183dd248f6a86e07c5adf9de8ee2d0abe45b1216331c03678e89634c2e9b1c7f/nerfstudio/images_4/frame_00124.png,183dd248f6a8,75.6573,4.8208,75.8803,75.634,4.1627
5020,5108,165f5af8bfe32f70595a1c9393a6e442acf7af019998275144f605b89a306557/nerfstudio/images_4/frame_00163.png,165f5af8bfe32f70595a1c9393a6e442acf7af019998275144f605b89a306557/nerfstudio/images_4/frame_00251.png,165f5af8bfe3,87.8341,12.3799,91.808,88.0906,7.8623
48779,48958,ff592398657b3dfe94153332861985194a3e3c9d199c4a3a27a0ce4038e81ade/nerfstudio/images_4/frame_00189.png,ff592398657b3dfe94153332861985194a3e3c9d199c4a3a27a0ce4038e81ade/nerfstudio/images_4/frame_00368.png,ff592398657b,56.9303,7.3463,57.5869,56.6845,2.6252
14797,14843,457e9a1ae777b0c72be723aaeec971b39cc6d5d413d922f981ec9785395f7ca9/nerfstudio/images_4/frame_00163.png,457e9a1ae777b0c72be723aaeec971b39cc6d5d413d922f981ec9785395f7ca9/nerfstudio/images_4/frame_00209.png,457e9a1ae777,66.9714,14.0247,69.5161,66.5788,7.4617
23521,23734,7705a2edd022de9da3f8cead677287645986e982d9247a21e1992859a59f8335/nerfstudio/images_4/frame_00057.png,7705a2edd022de9da3f8cead677287645986e982d9247a21e1992859a59f8335/nerfstudio/images_4/frame_00270.png,7705a2edd022,89.331,8.2271,89.7505,78.357,4.6957
27846,27993,91afb9910b042f7185c2b8e4b6b24b5785dae4542617b3f8005b5492f6d123f7/nerfstudio/images_4/frame_00134.png,91afb9910b042f7185c2b8e4b6b24b5785dae4542617b3f8005b5492f6d123f7/nerfstudio/images_4/frame_00281.png,91afb9910b04,59.3387,8.8153,60.8169,53.3426,4.4301
19842,19968,5f0041e53d59d67c3ca25db97b269db183a532c4566a6bc46ca0e69cfa4234ad/nerfstudio/images_4/frame_00021.png,5f0041e53d59d67c3ca25db97b269db183a532c4566a6bc46ca0e69cfa4234ad/nerfstudio/images_4/frame_00147.png,5f0041e53d59,62.6006,4.5287,64.256,62.7072,8.3099
41302,41342,dac9796dd69e1c25277e29d7e30af4f21e3b575d62a0a208c2b3d1211e2d5d77/nerfstudio/images_4/frame_00081.png,dac9796dd69e1c25277e29d7e30af4f21e3b575d62a0a208c2b3d1211e2d5d77/nerfstudio/images_4/frame_00121.png,dac9796dd69e,54.4163,0.2956,54.7069,52.7968,3.7516
17496,17630,56452d9cd9e2e034764132a57058517ab085e1352f9664d2d1e10e98741334fc/nerfstudio/images_4/frame_00063.png,56452d9cd9e2e034764132a57058517ab085e1352f9664d2d1e10e98741334fc/nerfstudio/images_4/frame_00197.png,56452d9cd9e2,52.9236,6.7434,57.5764,51.8759,6.0038
27415,27467,918c8dad730c3b804306c5da8486124be4aa0612e85fb825338fd350c912e1b0/nerfstudio/images_4/frame_00105.png,918c8dad730c3b804306c5da8486124be4aa0612e85fb825338fd350c912e1b0/nerfstudio/images_4/frame_00157.png,918c8dad730c,65.6088,7.2294,67.243,65.4457,9.1378
