pair_idx,scene_name,sequence_name,split_a,split_b,rel_a,rel_b,selected_variant,yaw_diff_deg,pitch_diff_deg,geodesic_rot_deg,baseline,D_total,D_med,D_bias,rot_err_deg,trans_dir_err_deg
0,Street,img_east,,,Street/img_east/image_east_0266.png,Street/img/image2_001121.png,v0_A2B_p1_s1,59.975898,3.221206,61.555984,nan,12.140403496208208,4.708253603729153,7.432149892479054,6.399114414437997,nan
1,Street,img_south,,,Street/img_south/image_south_1_0048.png,Street/img/image1_000245.png,v3_B2A_p2_s2,62.954206,1.738907,63.114772,nan,248.4788084393159,12.477160463176697,236.00164797613922,7.1264565345893445,nan
2,StMarysChurch,seq10,,,StMarysChurch/seq10/frame00046.png,StMarysChurch/seq4/frame00106.png,v2_B2A_p1_s1,51.541693,17.449371,56.141374,nan,21.232117122293264,14.960976514573833,6.271140607719432,1.0888079069813716,60.213008673703456
3,GreatCourt,seq3,,,GreatCourt/seq3/frame00318.png,GreatCourt/seq5/frame00368.png,v3_B2A_p2_s2,59.341141,0.627999,59.762347,nan,8.23969111502945,3.460418476744208,4.779272638285242,3.9019570117653126,53.66230605171117
4,GreatCourt,seq2,,,GreatCourt/seq2/frame00078.png,GreatCourt/seq3/frame00541.png,v1_A2B_p2_s2,55.182398,2.701816,55.800458,nan,59.11845474622305,21.0774050963135,38.04104964990955,62.342678101841216,57.97490336224702
5,Street,img_west,,,Street/img_west/image_west_0422.png,Street/img_south/image_south_1_0424.png,v1_A2B_p2_s2,52.357804,15.450621,54.771609,nan,70.28769871971531,23.529095921117623,46.75860279859769,1.442850355999793,nan
6,GreatCourt,seq1,,,GreatCourt/seq1/frame00038.png,GreatCourt/seq5/frame00265.png,v3_B2A_p2_s2,55.898099,0.125443,55.973463,nan,14.551930511401743,3.6116578494660914,10.940272661935651,2.9180308283840293,82.75003342179266
7,StMarysChurch,seq5,,,StMarysChurch/seq5/frame00045.png,StMarysChurch/seq6/frame00015.png,v0_A2B_p1_s1,52.807049,5.072912,53.07022,nan,8.552195719114348,4.257116403879504,4.295079315234845,1.9273852914111222,9.88558652281936
8,StMarysChurch,seq4,,,StMarysChurch/seq4/frame00098.png,StMarysChurch/seq10/frame00036.png,v3_B2A_p2_s2,61.173862,16.637002,65.821367,nan,14.619112457082077,7.838873332882928,6.780239124199149,2.9801589740283405,22.471979925993452
9,StMarysChurch,seq13,,,StMarysChurch/seq13/frame00261.png,StMarysChurch/seq12/frame00163.png,v0_A2B_p1_s1,51.070971,16.178427,55.307393,nan,17.017662583526125,2.4429914205067798,14.574671163019346,8.076886008011433,34.332949227724
10,Street,img_north,,,Street/img_north/image_north_1_0426.png,Street/img_east/image_east_0382.png,v2_B2A_p1_s1,57.36569,0.964868,57.438212,nan,18.452332329073606,15.632374477017795,2.8199578520558095,3.7568285395946552,nan
11,GreatCourt,seq5,,,GreatCourt/seq5/frame00094.png,GreatCourt/seq1/frame00138.png,v3_B2A_p2_s2,56.741743,2.074644,56.864893,nan,5.647064834599472,2.3254985759158115,3.32156625868366,4.05907124291364,28.236242900564456
12,GreatCourt,seq4,,,GreatCourt/seq4/frame00130.png,GreatCourt/seq1/frame00169.png,v3_B2A_p2_s2,57.759328,0.183857,58.105831,nan,50.219287952801096,13.597979330682197,36.6213086221189,0.9628388503422551,64.86030095060289
13,Street,img,,,Street/img/image2_002337.png,Street/img/image2_002433.png,v0_A2B_p1_s1,55.900667,3.339749,56.15729,nan,4.815740518016939,1.8716471532915424,2.944093364725396,6.347451794513998,nan
14,Street,img_east,,,Street/img_east/image_east_0139.png,Street/img_north/image_north_1_0205.png,v3_B2A_p2_s2,64.884822,2.475537,64.998163,nan,80.83758634054338,8.301718940620002,72.53586739992338,7.575211857043265,nan
15,Street,img_south,,,Street/img_south/image_south_1_0044.png,Street/img/image1_000216.png,v2_B2A_p1_s1,50.020701,2.022238,50.28021,nan,39.7778271507388,6.845618675589577,32.932208475149224,1.3013243578210627,nan
16,StMarysChurch,seq10,,,StMarysChurch/seq10/frame00046.png,StMarysChurch/seq4/frame00105.png,v3_B2A_p2_s2,50.861128,16.252837,54.840936,nan,12.540140339142939,6.923012754970446,5.617127584172493,2.0464033487007125,75.93743719435517
17,GreatCourt,seq3,,,GreatCourt/seq3/frame00316.png,GreatCourt/seq1/frame00187.png,v2_B2A_p1_s1,61.944133,2.073461,62.14714,nan,8.337208745786679,4.918254916394254,3.4189538293924255,14.834346993629161,56.372078121619005
18,GreatCourt,seq2,,,GreatCourt/seq2/frame00106.png,GreatCourt/seq5/frame00266.png,v2_B2A_p1_s1,53.298468,4.819264,53.504421,nan,44.15473036248445,3.98539282109285,40.1693375413916,0.6715648304938096,81.02618401329494
19,Street,img_west,,,Street/img_west/image_west_0423.png,Street/img_south/image_south_1_0425.png,v3_B2A_p2_s2,53.515433,12.171753,54.943837,nan,41.66365967258221,20.698441363565877,20.965218309016336,3.5563257545252585,nan
20,GreatCourt,seq1,,,GreatCourt/seq1/frame00188.png,GreatCourt/seq3/frame00316.png,v1_A2B_p2_s2,64.311598,4.238882,64.698041,nan,7.483003222898544,4.649681578435253,2.833321644463291,5.399574201257847,81.57355082367502
21,StMarysChurch,seq5,,,StMarysChurch/seq5/frame00043.png,StMarysChurch/seq6/frame00017.png,v0_A2B_p1_s1,50.345926,2.897305,50.785123,nan,17.37896192316307,14.250561271598764,3.1284006515643075,3.341405329285541,29.143124751679647
22,StMarysChurch,seq4,,,StMarysChurch/seq4/frame00097.png,StMarysChurch/seq10/frame00036.png,v3_B2A_p2_s2,56.312977,18.499023,61.278096,nan,107.32891734973848,59.3060631876218,48.022854162116666,6.093412621270948,38.620381313115416
23,StMarysChurch,seq13,,,StMarysChurch/seq13/frame00050.png,StMarysChurch/seq4/frame00062.png,v3_B2A_p2_s2,50.852933,19.938224,56.245988,nan,23.370307124121187,7.016316578920751,16.353990545200435,5.568040042954082,24.510835680132413
24,Street,img_north,,,Street/img_north/image_north_2_0382.png,Street/img/image2_000673.png,v3_B2A_p2_s2,60.084633,2.897152,62.594197,nan,54.71479063191162,24.867872375180276,29.846918256731342,4.862739398626943,nan
25,GreatCourt,seq5,,,GreatCourt/seq5/frame00316.png,GreatCourt/seq3/frame00369.png,v0_A2B_p1_s1,64.870134,0.323462,65.517689,nan,207.29783363995406,9.302556157947219,197.99527748200686,75.68910844653493,41.893560438073564
26,GreatCourt,seq4,,,GreatCourt/seq4/frame00049.png,GreatCourt/seq3/frame00485.png,v0_A2B_p1_s1,60.823333,2.126214,60.868046,nan,22.550695432596218,7.53064701072812,15.020048421868097,86.78751037797113,32.49815610011762
27,Street,img,,,Street/img/image2_000248.png,Street/img/image2_000244.png,v3_B2A_p2_s2,62.278,2.117295,62.328841,nan,37.67197434856876,9.174637365786442,28.49733698278232,11.805071323462547,nan
28,Street,img_east,,,Street/img_east/image_east_0267.png,Street/img/image2_001119.png,v3_B2A_p2_s2,63.526741,2.350013,65.73891,nan,8.316629378334179,2.8948889109546774,5.421740467379502,8.850448124523297,nan
29,GreatCourt,seq3,,,GreatCourt/seq3/frame00148.png,GreatCourt/seq5/frame00588.png,v2_B2A_p1_s1,61.415061,0.594266,61.51311,nan,37.967408568408615,15.752528559028267,22.214880009380348,4.575777834475795,13.014089124720792
30,GreatCourt,seq2,,,GreatCourt/seq2/frame00106.png,GreatCourt/seq5/frame00265.png,v1_A2B_p2_s2,52.537993,5.270692,52.785971,nan,12.147139218767553,3.917412729918039,8.229726488849513,2.7348745655976514,37.18084860196187
31,GreatCourt,seq1,,,GreatCourt/seq1/frame00552.png,GreatCourt/seq5/frame00468.png,v1_A2B_p2_s2,59.792923,3.178692,61.027948,nan,207.61368492319582,64.12895126887365,143.48473365432216,39.059220525394124,12.1421457901866
32,StMarysChurch,seq5,,,StMarysChurch/seq5/frame00023.png,StMarysChurch/seq1/frame00219.png,v1_A2B_p2_s2,53.505843,5.292809,54.955863,nan,34.03392706339165,21.496970115173536,12.536956948218117,1.7982461014120275,32.03965331036809
33,StMarysChurch,seq13,,,StMarysChurch/seq13/frame00050.png,StMarysChurch/seq4/frame00061.png,v0_A2B_p1_s1,53.061544,19.738182,58.122728,nan,10.028984692136557,3.3157530288991603,6.713231663237396,4.7352982486179,77.04057392252273
34,Street,img_north,,,Street/img_north/image_north_2_0383.png,Street/img/image2_000673.png,v0_A2B_p1_s1,57.391462,4.846029,60.558362,nan,16.78472133866688,3.356699044894301,13.428022293772578,5.332982469424403,nan
35,GreatCourt,seq5,,,GreatCourt/seq5/frame00300.png,GreatCourt/seq3/frame00540.png,v1_A2B_p2_s2,51.794387,5.921695,52.141245,nan,43.95831861448555,18.17256201684021,25.785756597645342,46.896192435378445,51.26213450503052
36,GreatCourt,seq4,,,GreatCourt/seq4/frame00048.png,GreatCourt/seq3/frame00483.png,v0_A2B_p1_s1,64.289494,1.455682,64.456347,nan,9.710527243245574,5.9711074524415215,3.739419790804052,86.84914673658233,53.69838707153935
37,Street,img,,,Street/img/image2_002343.png,Street/img/image2_002428.png,v0_A2B_p1_s1,64.965828,1.652438,65.051739,nan,24.955363145503796,6.453467063473354,18.50189608203044,5.203148329474907,nan
38,Street,img_east,,,Street/img_east/image_east_0129.png,Street/img_north/image_north_2_0152.png,v0_A2B_p1_s1,64.936979,4.376748,65.092422,nan,32.564311004833115,26.163814740338303,6.40049626449481,3.124436517035101,nan
39,GreatCourt,seq3,,,GreatCourt/seq3/frame00140.png,GreatCourt/seq5/frame00141.png,v0_A2B_p1_s1,58.811426,2.18135,58.892187,nan,52.050095264225135,22.073721636320194,29.97637362790494,157.5234911140151,68.07978063179351
40,GreatCourt,seq2,,,GreatCourt/seq2/frame00104.png,GreatCourt/seq5/frame00267.png,v3_B2A_p2_s2,54.811936,5.051717,55.031062,nan,88.23639555937628,9.652577843050944,78.58381771632533,1.5230312911088575,80.73338100957211
41,GreatCourt,seq1,,,GreatCourt/seq1/frame00547.png,GreatCourt/seq5/frame00473.png,v3_B2A_p2_s2,58.548915,1.10127,58.667066,nan,25.78824573948239,14.465279641658105,11.322966097824288,4.814616815151238,43.52702808208112
42,StMarysChurch,seq5,,,StMarysChurch/seq5/frame00043.png,StMarysChurch/seq6/frame00016.png,v3_B2A_p2_s2,58.153994,1.217925,58.342799,nan,17.500772747889428,12.988430372698058,4.512342375191371,4.27601343608108,77.81367839768791
43,StMarysChurch,seq13,,,StMarysChurch/seq13/frame00262.png,StMarysChurch/seq12/frame00164.png,v0_A2B_p1_s1,57.062552,15.807551,61.071151,nan,14.352365048917427,8.736494929038674,5.615870119878753,3.7472921980047356,47.701977284286016
44,Street,img_north,,,Street/img_north/image_north_2_0163.png,Street/img_east/image_east_0141.png,v0_A2B_p1_s1,62.804477,4.135351,62.927234,nan,12.781426870598604,3.2449907648965586,9.536436105702046,2.992400146417401,nan
45,GreatCourt,seq5,,,GreatCourt/seq5/frame00351.png,GreatCourt/seq3/frame00336.png,v0_A2B_p1_s1,50.320658,3.262627,51.443231,nan,24.57513383794171,7.96411743478221,16.6110164031595,2.207665303230395,72.58850515926048
46,GreatCourt,seq4,,,GreatCourt/seq4/frame00128.png,GreatCourt/seq1/frame00168.png,v1_A2B_p2_s2,53.154373,1.316928,53.667825,nan,2.819771405821137,1.278898519438738,1.5408728863823988,2.611901525085916,14.456075303125479
47,Street,img,,,Street/img/image2_001523.png,Street/img_west/image_west_0414.png,v0_A2B_p1_s1,59.874767,3.468489,60.200567,nan,48.984422957256186,37.317121149646944,11.667301807609242,1.5610158185962817,nan
48,Street,img_east,,,Street/img_east/image_east_0525.png,Street/img/image2_000031.png,v2_B2A_p1_s1,55.304191,0.879695,56.01854,nan,21.56640788088077,12.602325903045761,8.96408197783501,3.5947688449496322,nan
49,GreatCourt,seq3,,,GreatCourt/seq3/frame00190.png,GreatCourt/seq5/frame00191.png,v3_B2A_p2_s2,53.830221,0.935106,53.837939,nan,76.60840533561597,36.31976268497449,40.28864265064148,137.7010038467213,12.357118579157362
50,GreatCourt,seq2,,,GreatCourt/seq2/frame00104.png,GreatCourt/seq5/frame00266.png,v0_A2B_p1_s1,55.50902,2.589654,55.566717,nan,59.480549313653334,1.6401922214517497,57.840357092201586,1.249255146552171,55.92083989469601
51,GreatCourt,seq1,,,GreatCourt/seq1/frame00091.png,GreatCourt/seq3/frame00236.png,v2_B2A_p1_s1,50.534504,6.575303,51.307525,nan,18.75581578574221,6.356572565335485,12.399243220406726,2.519207376492759,27.24227544402612
52,StMarysChurch,seq5,,,StMarysChurch/seq5/frame00044.png,StMarysChurch/seq6/frame00015.png,v0_A2B_p1_s1,55.225982,6.608973,55.839389,nan,20.435640062894464,11.121050645624914,9.31458941726955,0.5576041364063049,2.0245999071271252
53,Street,img_north,,,Street/img_north/image_north_1_0109.png,Street/img/image2_002393.png,v3_B2A_p2_s2,59.015296,1.303172,61.747837,nan,64.44387021810022,9.705360430709264,54.73850978739095,3.7357525239889604,nan
54,GreatCourt,seq5,,,GreatCourt/seq5/frame00376.png,GreatCourt/seq3/frame00314.png,v2_B2A_p1_s1,60.219252,0.624198,62.443133,nan,284.3956561116818,56.65036959863136,227.7452865130504,17.21527042581369,50.31091005982824
55,GreatCourt,seq4,,,GreatCourt/seq4/frame00128.png,GreatCourt/seq2/frame00233.png,v0_A2B_p1_s1,51.681172,0.122536,52.457057,nan,12.845346084912677,4.073271362191859,8.772074722720818,4.460730612325123,6.357298352680331
56,Street,img,,,Street/img/image2_000293.png,Street/img/image2_000254.png,v0_A2B_p1_s1,61.917187,4.745384,62.165151,nan,104.84139080615748,33.419860208371766,71.4215305977857,2.4736955817584847,nan
57,Street,img_east,,,Street/img_east/image_east_0226.png,Street/img/image2_001298.png,v2_B2A_p1_s1,57.569417,6.837747,58.209936,nan,5.365605332156191,2.1140114825505405,3.25159384960565,8.082074695542389,nan
58,GreatCourt,seq3,,,GreatCourt/seq3/frame00138.png,GreatCourt/seq5/frame00572.png,v3_B2A_p2_s2,62.571747,2.404964,62.87637,nan,5.815489459892975,1.3497267944848796,4.4657626654080955,85.69412816032565,48.12782958340755
59,GreatCourt,seq2,,,GreatCourt/seq2/frame00082.png,GreatCourt/seq5/frame00294.png,v2_B2A_p1_s1,59.573129,9.256117,60.429084,nan,23.191732418506287,5.32547394159707,17.866258476909216,0.33502236111167893,23.708594769679237
60,GreatCourt,seq1,,,GreatCourt/seq1/frame00193.png,GreatCourt/seq3/frame00323.png,v3_B2A_p2_s2,59.209895,2.915817,59.287229,nan,57.09768789738219,17.505975787274533,39.59171211010765,11.295957979451172,59.367845582463694
61,Street,img_north,,,Street/img_north/image_north_1_0458.png,Street/img_east/image_east_0416.png,v3_B2A_p2_s2,55.254535,2.490401,55.582898,nan,12.679361275738867,3.2177963605137547,9.461564915225111,3.4735620079106533,nan
62,GreatCourt,seq5,,,GreatCourt/seq5/frame00353.png,GreatCourt/seq1/frame00203.png,v3_B2A_p2_s2,56.379565,7.555912,57.172223,nan,44.5343585829566,19.98718814515694,24.547170437799657,0.9507173584348443,30.66395588325532
63,GreatCourt,seq4,,,GreatCourt/seq4/frame00130.png,GreatCourt/seq1/frame00168.png,v3_B2A_p2_s2,53.369228,1.387911,53.788154,nan,5.919126049062756,3.5805728525522666,2.338553196510489,4.623961261035893,5.938851695396375
64,Street,img,,,Street/img/image2_001785.png,Street/img_east/image_east_0125.png,v3_B2A_p2_s2,50.63714,8.90133,52.930106,nan,18.954042882917797,5.584996010090125,13.36904687282767,1.432745995153094,nan
65,Street,img_east,,,Street/img_east/image_east_0227.png,Street/img/image2_001299.png,v1_A2B_p2_s2,56.56247,8.377901,57.192433,nan,11.581790785551242,2.0469176311214072,9.534873154429835,6.9010700739613595,nan
66,GreatCourt,seq3,,,GreatCourt/seq3/frame00149.png,GreatCourt/seq5/frame00588.png,v3_B2A_p2_s2,64.279627,1.405014,64.496044,nan,54.77868312422494,50.121535639493345,4.657147484731592,90.55336683888589,17.624657819539703
67,GreatCourt,seq2,,,GreatCourt/seq2/frame00105.png,GreatCourt/seq5/frame00267.png,v1_A2B_p2_s2,56.342509,3.316167,56.433689,nan,20.012203533026458,4.470211959298551,15.541991573727906,2.5206704803942346,5.820613872632806
68,GreatCourt,seq1,,,GreatCourt/seq1/frame00111.png,GreatCourt/seq3/frame00255.png,v0_A2B_p1_s1,54.832442,6.296675,55.2816,nan,18.2207384661264,5.378290276204934,12.842448189921466,0.4023052498742436,48.602594110213026
69,Street,img_north,,,Street/img_north/image_north_1_0425.png,Street/img_east/image_east_0380.png,v2_B2A_p1_s1,63.870937,1.572418,63.890389,nan,49.62378753686581,34.39997518538069,15.223812351485124,3.6261560982907,nan
70,GreatCourt,seq5,,,GreatCourt/seq5/frame00354.png,GreatCourt/seq1/frame00202.png,v2_B2A_p1_s1,59.825873,6.146908,60.194353,nan,20.620981092428465,8.289397358294357,12.331583734134107,0.9702083172320768,39.41473208331901
71,GreatCourt,seq4,,,GreatCourt/seq4/frame00129.png,GreatCourt/seq1/frame00168.png,v2_B2A_p1_s1,54.952665,1.033303,55.416059,nan,4.307551988420434,1.1149440219389701,3.1926079664814635,6.2899861726978115,27.984870996910253
72,Street,img,,,Street/img/image2_002340.png,Street/img/image2_002432.png,v1_A2B_p2_s2,57.518114,6.090878,57.940749,nan,18.244911922064862,12.97724309681224,5.267668825252623,6.354214368977037,nan
73,Street,img_east,,,Street/img_east/image_east_0268.png,Street/img/image2_001119.png,v0_A2B_p1_s1,59.256422,1.471334,61.455908,nan,13.918342602101884,3.1260527820603743,10.79228982004151,8.531967549697898,nan
74,GreatCourt,seq3,,,GreatCourt/seq3/frame00321.png,GreatCourt/seq1/frame00192.png,v2_B2A_p1_s1,64.389681,5.85706,64.681419,nan,10.60610817586809,3.280171646849424,7.3259365290186675,6.691630982481536,1.9607614591275866
75,GreatCourt,seq2,,,GreatCourt/seq2/frame00083.png,GreatCourt/seq5/frame00294.png,v1_A2B_p2_s2,59.293932,7.827446,60.275643,nan,24.50788245494597,12.05111461610186,12.456767838844112,2.3683499188392734,75.18717841119285
76,GreatCourt,seq1,,,GreatCourt/seq1/frame00405.png,GreatCourt/seq5/frame00201.png,v3_B2A_p2_s2,52.340551,4.614073,52.798218,nan,271.67100012401335,36.20720665623804,235.4637934677753,2.6819027572551297,54.591140929812056
77,Street,img_north,,,Street/img_north/image_north_2_0235.png,Street/img/image2_001386.png,v1_A2B_p2_s2,61.977309,0.662487,63.211509,nan,28.867837335721426,6.2565819413446935,22.61125539437673,3.0893563860923057,nan
78,GreatCourt,seq5,,,GreatCourt/seq5/frame00255.png,GreatCourt/seq3/frame00507.png,v2_B2A_p1_s1,52.092967,5.829741,52.890738,nan,263.6404294748627,32.011398071533996,231.62903140332867,2.2327492726028044,18.03373153901035
79,GreatCourt,seq4,,,GreatCourt/seq4/frame00128.png,GreatCourt/seq2/frame00234.png,v3_B2A_p2_s2,53.06553,1.13377,53.431314,nan,5.462052849674777,2.258532367979446,3.2035204816953313,6.113430932106179,78.14646598071482
80,Street,img,,,Street/img/image2_002337.png,Street/img/image2_002435.png,v0_A2B_p1_s1,54.196474,1.269042,54.909906,nan,23.599253781001956,18.877759880625863,4.721493900376092,2.8163874324251896,nan
81,Street,img_east,,,Street/img_east/image_east_0438.png,Street/img/image2_000432.png,v3_B2A_p2_s2,55.167783,0.031233,57.440954,nan,58.088182870621736,12.149845810607506,45.938337060014234,5.587472253796389,nan
82,GreatCourt,seq1,,,GreatCourt/seq1/frame00334.png,GreatCourt/seq3/frame00445.png,v2_B2A_p1_s1,61.246602,2.006892,61.281141,nan,78.2877582158458,54.80642368469415,23.48133453115164,179.1892612927311,50.735929585263925
83,Street,img_north,,,Street/img_north/image_north_1_0428.png,Street/img_east/image_east_0383.png,v3_B2A_p2_s2,64.882149,0.208388,64.884406,nan,16.625817247554682,10.494452557689689,6.131364689864994,1.5788631751864364,nan
84,GreatCourt,seq5,,,GreatCourt/seq5/frame00318.png,GreatCourt/seq1/frame00240.png,v2_B2A_p1_s1,52.932312,6.026303,53.288703,nan,48.82319722787005,4.445957641007036,44.37723958686301,2.5934745177358907,71.90305692002934
85,GreatCourt,seq4,,,GreatCourt/seq4/frame00045.png,GreatCourt/seq3/frame00482.png,v3_B2A_p2_s2,52.680637,0.509147,52.96522,nan,36.50211757055655,14.808975874607992,21.693141695948558,95.30723786274207,56.87252631601707
86,Street,img,,,Street/img/image2_000208.png,Street/img/image2_000188.png,v3_B2A_p2_s2,59.839877,0.231768,59.847664,nan,48.925231537015165,23.31391945293945,25.611312084075713,1.1086514023274516,nan
87,Street,img_east,,,Street/img_east/image_east_0226.png,Street/img/image2_001299.png,v0_A2B_p1_s1,55.836578,7.881368,56.519123,nan,11.375579259617142,1.8842936402635302,9.491285619353611,4.688520663005594,nan
88,GreatCourt,seq1,,,GreatCourt/seq1/frame00039.png,GreatCourt/seq5/frame00264.png,v1_A2B_p2_s2,50.531646,1.568173,50.60999,nan,12.703627725272293,4.604278471437054,8.09934925383524,1.4686693703790934,37.146856105709915
89,Street,img_north,,,Street/img_north/image_north_1_0517.png,Street/img/image2_000300.png,v0_A2B_p1_s1,60.424118,1.95899,60.530406,nan,44.023678690547015,13.993101049713996,30.030577640833023,4.448572064946668,nan
90,GreatCourt,seq5,,,GreatCourt/seq5/frame00583.png,GreatCourt/seq3/frame00145.png,v3_B2A_p2_s2,52.094643,2.772649,52.500639,nan,3.057892092164033,2.0468551446069707,1.0110369475570624,167.95799058764158,67.35356162730528
91,Street,img,,,Street/img/image2_001919.png,Street/img_west/image_west_0492.png,v0_A2B_p1_s1,60.795166,10.679214,61.663504,nan,284.24115572567604,71.31561769410173,212.9255380315743,93.4357938057521,nan
92,Street,img_east,,,Street/img_east/image_east_0132.png,Street/img_north/image_north_2_0154.png,v0_A2B_p1_s1,63.151697,0.761429,63.165278,nan,14.305882651056876,2.2573196209749393,12.048563030081937,2.9132953232813663,nan
93,GreatCourt,seq1,,,GreatCourt/seq1/frame00109.png,GreatCourt/seq3/frame00255.png,v0_A2B_p1_s1,51.821242,3.911373,52.03203,nan,61.45936341668056,27.864557421233638,33.594805995446926,4.328785588953872,34.22698803219228
94,Street,img_north,,,Street/img_north/image_north_2_0373.png,Street/img/image2_000742.png,v0_A2B_p1_s1,50.275673,2.405796,51.777352,nan,19.23308706656081,6.826827904505599,12.40625916205521,5.094106451107496,nan
95,GreatCourt,seq5,,,GreatCourt/seq5/frame00084.png,GreatCourt/seq2/frame00211.png,v2_B2A_p1_s1,64.691571,2.652116,65.283019,nan,15.099527538049548,8.086721805539767,7.012805732509781,3.228386257783331,37.601867847544035
96,Street,img,,,Street/img/image1_000377.png,Street/img/image1_000399.png,v0_A2B_p1_s1,51.19766,1.224257,51.841153,nan,312.47197143141506,101.67707396182335,210.7948974695917,21.151246778330446,nan
97,Street,img_east,,,Street/img_east/image_east_0476.png,Street/img/image2_000312.png,v3_B2A_p2_s2,59.402647,2.349766,59.452872,nan,67.97302971990767,32.267097466881424,35.70593225302625,2.3121221740996787,nan
98,GreatCourt,seq1,,,GreatCourt/seq1/frame00038.png,GreatCourt/seq3/frame00516.png,v1_A2B_p2_s2,50.21709,3.294304,50.324301,nan,12.417287938746366,6.586496016034777,5.830791922711588,2.3445167390305697,54.27856330322631
99,Street,img_north,,,Street/img_north/image_north_1_0429.png,Street/img_east/image_east_0386.png,v0_A2B_p1_s1,57.998569,3.564902,58.371682,nan,22.32220463800398,10.231689194287865,12.090515443716116,3.354446380153352,nan
100,GreatCourt,seq5,,,GreatCourt/seq5/frame00316.png,GreatCourt/seq2/frame00063.png,v2_B2A_p1_s1,64.312785,3.189937,64.568878,nan,23.94625741557104,6.5556404670086454,17.390616948562393,1.5301753970596748,62.08041669517289
101,Street,img,,,Street/img/image2_001780.png,Street/img_east/image_east_0127.png,v2_B2A_p1_s1,56.100064,8.919171,58.153822,nan,7.823887429862603,3.804349597081972,4.019537832780632,2.982703917928684,nan
102,Street,img_east,,,Street/img_east/image_east_0136.png,Street/img/image2_001840.png,v2_B2A_p1_s1,54.930471,1.680238,54.998079,nan,15.10877940429627,7.963710550455815,7.1450688538404545,3.8112615226020687,nan
103,GreatCourt,seq1,,,GreatCourt/seq1/frame00035.png,GreatCourt/seq5/frame00267.png,v1_A2B_p2_s2,62.109864,3.959531,62.225271,nan,34.2305234890244,6.6167964711971194,27.61372701782728,0.9307739440734699,14.136923584503478
104,Street,img_north,,,Street/img_north/image_north_2_0167.png,Street/img_east/image_east_0145.png,v0_A2B_p1_s1,62.171407,4.158657,62.368559,nan,247.30226294937896,6.324119702951611,240.97814324642735,2.7414602495536853,nan
105,GreatCourt,seq5,,,GreatCourt/seq5/frame00354.png,GreatCourt/seq1/frame00201.png,v3_B2A_p2_s2,62.075933,5.576674,62.740576,nan,20.718800937949055,6.93509458319418,13.783706354754873,14.702224801740561,47.492974516827815
106,Street,img,,,Street/img/image2_000765.png,Street/img_south/image_south_1_0250.png,v2_B2A_p1_s1,50.930364,4.801759,51.186542,nan,41.52909027713427,29.420552552862507,12.108537724271763,4.773461509143166,nan
107,Street,img_east,,,Street/img_east/image_east_0475.png,Street/img/image2_000313.png,v3_B2A_p2_s2,63.3848,4.724591,63.667676,nan,49.994803045208165,41.323274547729014,8.671528497479153,2.9018331440938026,nan
108,GreatCourt,seq1,,,GreatCourt/seq1/frame00404.png,GreatCourt/seq5/frame00201.png,v3_B2A_p2_s2,52.106256,4.635152,52.600327,nan,74.38635526917056,39.67809590053721,34.70825936863335,3.637275767204565,43.06847745956042
109,Street,img_north,,,Street/img_north/image_north_1_0540.png,Street/img/image2_000130.png,v3_B2A_p2_s2,50.262685,1.972413,50.514664,nan,9.171320243894858,3.3324913299761625,5.838828913918695,6.656398153416861,nan
110,GreatCourt,seq5,,,GreatCourt/seq5/frame00372.png,GreatCourt/seq1/frame00184.png,v0_A2B_p1_s1,64.643698,13.395971,65.950531,nan,18.71268266001951,5.083572571749967,13.629110088269545,3.283009329061844,44.95292591290504
111,Street,img,,,Street/img/image2_001618.png,Street/img/image2_001717.png,v2_B2A_p1_s1,52.064813,2.097366,52.320595,nan,10.334156672104687,4.099420500186197,6.234736171918491,3.313670541923817,nan
112,Street,img_east,,,Street/img_east/image_east_0181.png,Street/img_north/image_north_1_0244.png,v1_A2B_p2_s2,62.270537,8.998063,62.862644,nan,10.34121299587328,4.377477539945019,5.96373545592826,3.4312526354452277,nan
113,GreatCourt,seq1,,,GreatCourt/seq1/frame00545.png,GreatCourt/seq5/frame00474.png,v1_A2B_p2_s2,60.720658,0.157857,61.397269,nan,19.14215600930313,3.164012394307292,15.978143614995837,2.924566159119001,38.66853781757895
114,Street,img_north,,,Street/img_north/image_north_1_0425.png,Street/img_east/image_east_0381.png,v0_A2B_p1_s1,61.178019,0.483601,61.192391,nan,24.099421269129834,13.644316281751946,10.45510498737789,4.977241896636241,nan
115,GreatCourt,seq5,,,GreatCourt/seq5/frame00372.png,GreatCourt/seq5/frame00380.png,v2_B2A_p1_s1,63.331354,1.892203,64.430287,nan,101.6254387107651,6.2795594013625,95.34587930940259,6.119607593511692,21.800679174788993
116,Street,img,,,Street/img/image2_001783.png,Street/img_east/image_east_0126.png,v3_B2A_p2_s2,50.658811,7.695734,53.878013,nan,8.188007332419133,3.5874695786801283,4.6005377537390055,1.3005509811976894,nan
117,Street,img_east,,,Street/img_east/image_east_0410.png,Street/img/image2_000541.png,v0_A2B_p1_s1,62.691284,5.365234,63.209952,nan,241.05602937023477,35.347022277307445,205.70900709292732,85.1565665961706,nan
118,GreatCourt,seq1,,,GreatCourt/seq1/frame00036.png,GreatCourt/seq5/frame00266.png,v3_B2A_p2_s2,60.059344,0.928932,60.066334,nan,17.75640479734726,9.062662407144781,8.693742390202479,1.619228439661589,16.690544315032973
119,Street,img_north,,,Street/img_north/image_north_2_0206.png,Street/img_east/image_east_0181.png,v3_B2A_p2_s2,61.495959,4.699511,61.925886,nan,11.792165588077475,1.7775747658101124,10.014590822267364,2.7146818469795537,nan
120,GreatCourt,seq5,,,GreatCourt/seq5/frame00316.png,GreatCourt/seq3/frame00370.png,v3_B2A_p2_s2,56.008208,0.002468,56.696145,nan,402.7891160522578,52.93911448090895,349.85000157134886,113.16016676444357,50.0269671253585
121,Street,img,,,Street/img/image2_000927.png,Street/img_north/image_north_1_0376.png,v1_A2B_p2_s2,59.750108,2.650937,59.846188,nan,45.36969399909751,29.7218265289854,15.64786747011211,2.178173761806252,nan
122,Street,img_east,,,Street/img_east/image_east_0524.png,Street/img/image2_000031.png,v0_A2B_p1_s1,54.83316,2.026068,55.423445,nan,13.292462285679678,4.5927352515599384,8.69972703411974,6.100421882949481,nan
123,GreatCourt,seq1,,,GreatCourt/seq1/frame00094.png,GreatCourt/seq3/frame00239.png,v1_A2B_p2_s2,62.626723,8.308694,63.653868,nan,218.72688825991443,48.39932821600224,170.3275600439122,88.42831498699651,84.52846516592463
124,Street,img_north,,,Street/img_north/image_north_1_0428.png,Street/img_east/image_east_0384.png,v0_A2B_p1_s1,63.692277,4.76367,63.872095,nan,26.924526606730424,8.565254290738736,18.35927231599169,1.997316010356607,nan
125,GreatCourt,seq5,,,GreatCourt/seq5/frame00350.png,GreatCourt/seq3/frame00337.png,v3_B2A_p2_s2,50.692406,2.715122,51.398654,nan,35.87175234479284,34.57317811774062,1.298574227052221,4.795231493483965,74.17679544784568
126,Street,img,,,Street/img/image2_001210.png,Street/img_north/image_north_1_0292.png,v0_A2B_p1_s1,60.11339,5.274776,60.370012,nan,17.220574671774745,1.4845008556988855,15.736073816075859,1.2503895048041718,nan
127,Street,img_east,,,Street/img_east/image_east_0136.png,Street/img/image2_001839.png,v0_A2B_p1_s1,54.420935,0.493151,54.65858,nan,8.555907979384674,4.159454569667505,4.396453409717168,1.9117582405340394,nan
128,Street,img_north,,,Street/img_north/image_north_1_0430.png,Street/img_east/image_east_0386.png,v3_B2A_p2_s2,59.057067,1.524861,59.283201,nan,94.10430386751713,30.134628870871985,63.96967499664514,2.7562235450000396,nan
129,GreatCourt,seq5,,,GreatCourt/seq5/frame00315.png,GreatCourt/seq1/frame00244.png,v1_A2B_p2_s2,55.340277,5.695269,56.269562,nan,31.873486133788532,19.148050117484125,12.725436016304405,6.655766204854356,61.04925169752944
130,Street,img,,,Street/img/image2_002338.png,Street/img/image2_002434.png,v0_A2B_p1_s1,52.771952,1.518655,53.481901,nan,12.181840913090499,7.919392365596444,4.2624485474940546,1.0256178932898663,nan
131,Street,img_east,,,Street/img_east/image_east_0076.png,Street/img/image2_001988.png,v2_B2A_p1_s1,50.541122,3.391989,50.788388,nan,25.834087296895206,5.310300644583254,20.52378665231195,3.872323804233146,nan
132,Street,img_north,,,Street/img_north/image_north_2_0257.png,Street/img/image2_001210.png,v2_B2A_p1_s1,57.331539,0.434357,58.227068,nan,73.56977322465713,36.936227928856766,36.63354529580036,3.0894373137758686,nan
133,GreatCourt,seq5,,,GreatCourt/seq5/frame00202.png,GreatCourt/seq3/frame00200.png,v1_A2B_p2_s2,50.536629,0.842395,50.791492,nan,29.64679601060332,19.654879249363795,9.991916761239526,12.536510726005373,21.53217380923857
134,Street,img,,,Street/img/image2_001183.png,Street/img_west/image_west_0361.png,v1_A2B_p2_s2,63.617097,5.350025,63.826086,nan,209.55915814348506,29.497410505035106,180.06174763844996,10.687016723913965,nan
135,Street,img_east,,,Street/img_east/image_east_0227.png,Street/img/image2_001300.png,v1_A2B_p2_s2,52.627308,11.015798,53.777512,nan,7.247328730772706,1.1840222611088573,6.063306469663848,3.988962116283052,nan
136,Street,img_north,,,Street/img_north/image_north_2_0528.png,Street/img/image2_000135.png,v2_B2A_p1_s1,56.219981,2.122823,56.260487,nan,36.84261368827014,27.01707042647371,9.825543261796435,4.596372613246084,nan
137,GreatCourt,seq5,,,GreatCourt/seq5/frame00364.png,GreatCourt/seq3/frame00321.png,v2_B2A_p1_s1,55.773856,13.923073,57.351063,nan,26.33974238567957,2.891754034130016,23.447988351549554,55.22440881926382,19.3870253735935
138,Street,img,,,Street/img/image2_000787.png,Street/img_east/image_east_0357.png,v2_B2A_p1_s1,52.887319,2.87895,56.073251,nan,34.552998795382166,32.61682845657999,1.9361703388021763,2.1732260385010527,nan
139,Street,img_east,,,Street/img_east/image_east_0129.png,Street/img_north/image_north_2_0151.png,v1_A2B_p2_s2,63.829329,1.257821,63.841838,nan,27.955364970861503,12.3730831409319,15.5822818299296,5.718282270065144,nan
140,Street,img_north,,,Street/img_north/image_north_2_0234.png,Street/img/image2_001388.png,v0_A2B_p1_s1,63.530275,4.237015,64.40166,nan,20.687204434185446,11.103282965559975,9.583921468625473,8.590792542870185,nan
141,GreatCourt,seq5,,,GreatCourt/seq5/frame00315.png,GreatCourt/seq1/frame00243.png,v3_B2A_p2_s2,51.25986,4.074927,52.211364,nan,89.56030224964894,8.71254349955416,80.84775875009478,8.359237097124998,43.48607529303374
142,Street,img,,,Street/img/image2_000288.png,Street/img/image2_000249.png,v2_B2A_p1_s1,50.965777,5.760823,51.300521,nan,61.4314581004642,14.47903460195943,46.95242349850477,3.042561051294138,nan
143,Street,img_east,,,Street/img_east/image_east_0268.png,Street/img/image2_001118.png,v2_B2A_p1_s1,60.162305,1.985228,62.339973,nan,28.00438080421506,19.25650155992435,8.74787924429071,4.797313813418936,nan
144,Street,img_north,,,Street/img_north/image_north_2_0527.png,Street/img/image2_000135.png,v3_B2A_p2_s2,58.228866,4.671913,58.404864,nan,7.005024735631214,1.7791161741902812,5.225908561440933,2.371018713431243,nan
145,GreatCourt,seq5,,,GreatCourt/seq5/frame00316.png,GreatCourt/seq1/frame00243.png,v1_A2B_p2_s2,54.417141,3.124922,54.947843,nan,232.48293428554106,21.645114612119777,210.83781967342128,1.8445689298233752,40.4708600102652
146,Street,img,,,Street/img/image2_000872.png,Street/img/image2_000844.png,v0_A2B_p1_s1,52.562328,6.913989,53.006367,nan,75.58197484145595,32.583693879608994,42.998280961846945,2.754692622412229,nan
147,Street,img_east,,,Street/img_east/image_east_0268.png,Street/img/image2_001117.png,v1_A2B_p2_s2,60.518424,4.73407,63.731872,nan,41.79846017206182,16.31907632916965,25.479383842892172,4.087509170138948,nan
148,Street,img_north,,,Street/img_north/image_north_1_0577.png,Street/img/image1_000308.png,v0_A2B_p1_s1,62.903079,3.998037,63.765764,nan,30.458439300797274,15.167353672062859,15.291085628734415,4.183379799636577,nan
149,GreatCourt,seq5,,,GreatCourt/seq5/frame00353.png,GreatCourt/seq3/frame00334.png,v0_A2B_p1_s1,59.824537,6.783241,61.20792,nan,267.21717135447454,21.70718520991076,245.50998614456375,4.621397173606619,39.70034823242919
150,Street,img,,,Street/img/image2_000872.png,Street/img/image2_000845.png,v0_A2B_p1_s1,51.219565,4.90594,51.465364,nan,32.013377537064976,14.945819975151807,17.06755756191317,2.4147839502079718,nan
151,Street,img_east,,,Street/img_east/image_east_0130.png,Street/img_north/image_north_2_0153.png,v0_A2B_p1_s1,62.393822,0.774111,62.410784,nan,12.91086465498846,2.049074101461693,10.861790553526767,2.8747368334789734,nan
152,Street,img_north,,,Street/img_north/image_north_1_0540.png,Street/img/image2_000131.png,v1_A2B_p2_s2,52.204842,2.718826,52.832165,nan,13.208538059406756,8.440190868964882,4.768347190441874,2.200170866723432,nan
153,GreatCourt,seq5,,,GreatCourt/seq5/frame00364.png,GreatCourt/seq5/frame00366.png,v0_A2B_p1_s1,54.73371,6.452394,56.444967,nan,28.361938567244284,11.859283194921456,16.502655372322828,5.707911728162561,37.9546254063625
154,Street,img,,,Street/img/image2_001386.png,Street/img_north/image_north_1_0271.png,v1_A2B_p2_s2,61.011355,5.961473,61.903821,nan,253.62252549121527,19.616716174806204,234.00580931640906,7.9420543719974885,nan
155,Street,img_east,,,Street/img_east/image_east_0136.png,Street/img/image2_001841.png,v0_A2B_p1_s1,51.961339,2.433013,52.128329,nan,54.28429244284487,16.50336885035795,37.78092359248692,3.35406671243873,nan
156,Street,img_north,,,Street/img_north/image_north_1_0530.png,Street/img/image2_000224.png,v0_A2B_p1_s1,63.485844,4.469731,63.683579,nan,357.1139348005616,123.03749434684785,234.07644045371376,117.63319792745105,nan
157,GreatCourt,seq5,,,GreatCourt/seq5/frame00584.png,GreatCourt/seq3/frame00147.png,v2_B2A_p1_s1,56.155443,3.760986,56.745322,nan,22.84693216324164,16.21404225623587,6.632889907005769,177.93723120757647,64.12425639254721
158,Street,img,,,Street/img/image2_001448.png,Street/img_east/image_east_0193.png,v1_A2B_p2_s2,59.062973,5.655554,59.690526,nan,6.03017309859277,2.181308817844301,3.8488642807484688,3.9720628883325952,nan
159,Street,img_east,,,Street/img_east/image_east_0439.png,Street/img/image2_000432.png,v2_B2A_p1_s1,53.341721,0.855112,55.189773,nan,48.31634268384601,15.693069618157438,32.62327306568857,4.524952051315249,nan
160,Street,img_north,,,Street/img_north/image_north_1_0422.png,Street/img_east/image_east_0376.png,v1_A2B_p2_s2,62.477349,0.532873,62.570891,nan,44.78093800859586,26.530528537026157,18.250409471569704,4.056141216557617,nan
161,GreatCourt,seq5,,,GreatCourt/seq5/frame00037.png,GreatCourt/seq5/frame00359.png,v3_B2A_p2_s2,60.27973,6.227929,60.747949,nan,10.962581396244559,2.3499486247115358,8.612632771533024,3.287683993227611,51.11753956171374
162,Street,img,,,Street/img/image2_002337.png,Street/img/image2_002434.png,v0_A2B_p1_s1,55.5136,1.652853,56.473486,nan,17.99902433038231,2.9787039632383587,15.02032036714395,3.1589092098413003,nan
163,Street,img_east,,,Street/img_east/image_east_0130.png,Street/img_north/image_north_2_0152.png,v2_B2A_p1_s1,62.92108,6.330401,63.233633,nan,17.461086302724503,6.577601091952998,10.883485210771507,3.3369385054923644,nan
164,Street,img_north,,,Street/img_north/image_north_2_0405.png,Street/img/image2_000611.png,v2_B2A_p1_s1,64.714637,9.987627,65.664714,nan,248.24268677227693,2.305674613817741,245.9370121584592,1.9750457877505827,nan
165,GreatCourt,seq5,,,GreatCourt/seq5/frame00355.png,GreatCourt/seq3/frame00588.png,v2_B2A_p1_s1,54.461794,5.925052,55.062336,nan,21.926195697498066,15.854851791614857,6.071343905883209,3.4956127147820633,15.256214269738793
166,Street,img,,,Street/img/image2_000925.png,Street/img_north/image_north_1_0376.png,v1_A2B_p2_s2,57.098972,2.668715,57.288198,nan,43.90070130565747,18.3140309535359,25.58667035212157,3.438661900898958,nan
167,Street,img_east,,,Street/img_east/image_east_0477.png,Street/img/image2_000311.png,v3_B2A_p2_s2,53.918338,5.614105,54.298288,nan,18.091868821041086,16.09061627780568,2.0012525432354065,3.602057468307439,nan
168,Street,img_north,,,Street/img_north/image_north_1_0431.png,Street/img_east/image_east_0387.png,v0_A2B_p1_s1,63.923049,1.926039,64.190454,nan,24.33004605960457,9.414721286310405,14.915324773294163,7.1066933970133865,nan
169,GreatCourt,seq5,,,GreatCourt/seq5/frame00356.png,GreatCourt/seq3/frame00588.png,v0_A2B_p1_s1,56.464529,5.264032,57.271221,nan,21.893617430218818,5.370708883977523,16.522908546241293,5.652748753027021,83.13918992118467
170,Street,img,,,Street/img/image2_000272.png,Street/img/image2_000259.png,v2_B2A_p1_s1,62.827397,6.432525,63.19724,nan,8.129776837826615,4.00900304750318,4.120773790323434,4.83990460611308,nan
171,Street,img_east,,,Street/img_east/image_east_0581.png,Street/img/image1_000050.png,v1_A2B_p2_s2,64.660466,1.46437,64.71787,nan,22.205509495616013,6.31300543572572,15.892504059890292,12.459775273680659,nan
172,Street,img_north,,,Street/img_north/image_north_2_0527.png,Street/img/image2_000136.png,v3_B2A_p2_s2,50.154625,6.032851,50.613019,nan,10.055194582589195,4.548815199860823,5.506379382728372,1.9835360372792812,nan
173,GreatCourt,seq5,,,GreatCourt/seq5/frame00361.png,GreatCourt/seq2/frame00262.png,v1_A2B_p2_s2,63.083735,12.500862,64.199757,nan,30.66451687132742,20.701856271331334,9.962660599996088,6.983530187662484,54.22034974548068
174,Street,img,,,Street/img/image2_000928.png,Street/img_north/image_north_1_0375.png,v0_A2B_p1_s1,63.083727,3.541637,63.362278,nan,11.10053523658813,5.040428105201675,6.060107131386453,6.559270141350473,nan
175,Street,img_north,,,Street/img_north/image_north_1_0541.png,Street/img/image2_000130.png,v1_A2B_p2_s2,54.541586,2.540467,54.682583,nan,11.523469512603366,5.0809777146633754,6.44249179793999,5.917600599797082,nan
176,GreatCourt,seq5,,,GreatCourt/seq5/frame00358.png,GreatCourt/seq1/frame00196.png,v2_B2A_p1_s1,57.83718,11.479402,59.109215,nan,16.15525065477478,3.818329931744217,12.336920723030563,5.1669360741019315,62.95096808041726
177,Street,img,,,Street/img/image2_002335.png,Street/img/image2_002436.png,v2_B2A_p1_s1,58.834167,1.816756,59.521358,nan,34.30057775114341,22.855206167635206,11.445371583508203,2.3671928922904866,nan
178,Street,img_north,,,Street/img_north/image_north_1_0518.png,Street/img/image2_000300.png,v0_A2B_p1_s1,58.671101,1.018518,58.878537,nan,14.580011273383686,8.092386202252774,6.487625071130911,2.0153741575613098,nan
179,GreatCourt,seq5,,,GreatCourt/seq5/frame00353.png,GreatCourt/seq3/frame00335.png,v2_B2A_p1_s1,63.025568,7.576834,64.077458,nan,292.7986579153068,52.43046259171119,240.36819532359564,123.04607234594442,64.11429647732739
180,Street,img,,,Street/img/image2_000212.png,Street/img_west/image_west_0114.png,v2_B2A_p1_s1,57.941408,2.115774,57.988021,nan,37.31301444103872,13.63060821760099,23.682406223437724,7.02308168028055,nan
181,Street,img_north,,,Street/img_north/image_north_2_0204.png,Street/img_east/image_east_0180.png,v1_A2B_p2_s2,61.702464,2.170628,61.870993,nan,7.0994930615354255,0.7507723300586259,6.348720731476799,2.6416360187241863,nan
182,GreatCourt,seq5,,,GreatCourt/seq5/frame00257.png,GreatCourt/seq3/frame00507.png,v1_A2B_p2_s2,63.575081,6.149833,64.444296,nan,369.8280046944351,55.194661182365586,314.63334351206953,70.84716862553381,15.99336148773159
183,Street,img,,,Street/img/image2_000268.png,Street/img/image2_000262.png,v1_A2B_p2_s2,59.124607,7.640835,59.668399,nan,17.451821354310617,11.656411532396742,5.795409821913874,6.75567171554688,nan
184,Street,img_north,,,Street/img_north/image_north_2_0474.png,Street/img/image2_000399.png,v1_A2B_p2_s2,58.996147,9.452377,61.843275,nan,18.200084443074086,2.780850140649809,15.419234302424277,5.78764615208598,nan
185,Street,img,,,Street/img/image2_002336.png,Street/img/image2_002435.png,v2_B2A_p1_s1,57.818598,0.049762,58.60624,nan,29.46381647168488,15.49563010781796,13.968186363866922,2.154178288132173,nan
186,Street,img_north,,,Street/img_north/image_north_1_0420.png,Street/img_east/image_east_0375.png,v2_B2A_p1_s1,64.500099,1.005501,64.626655,nan,58.60849365551968,26.936295446163143,31.672198209356534,1.2110372648050203,nan
187,Street,img,,,Street/img/image2_000868.png,Street/img/image2_000850.png,v3_B2A_p2_s2,51.766934,4.192679,52.845343,nan,17.601669729679017,7.059569789699984,10.542099939979034,6.189177579914521,nan
188,Street,img_north,,,Street/img_north/image_north_2_0258.png,Street/img/image2_001211.png,v1_A2B_p2_s2,58.679248,2.461217,59.485964,nan,46.90633801512452,24.644553265042816,22.261784750081702,4.090914293179584,nan
189,Street,img,,,Street/img/image2_000275.png,Street/img/image2_000257.png,v3_B2A_p2_s2,56.97419,2.32736,57.053638,nan,9.022437528838935,0.9349512596846388,8.087486269154297,1.4177366297930327,nan
190,Street,img_north,,,Street/img_north/image_north_2_0509.png,Street/img/image2_000243.png,v3_B2A_p2_s2,52.82049,1.707121,52.907021,nan,12.960408408844497,4.858941988208832,8.101466420635665,6.457907444662222,nan
191,Street,img,,,Street/img/image2_000242.png,Street/img/image2_000284.png,v3_B2A_p2_s2,64.578924,4.114378,64.885573,nan,40.87085509047413,2.0311466815270074,38.839708408947125,4.424451503978327,nan
192,Street,img_north,,,Street/img_north/image_north_2_0204.png,Street/img_east/image_east_0179.png,v0_A2B_p1_s1,59.702329,4.404424,59.863869,nan,33.4009745883267,12.700423137465467,20.70055145086123,3.512432189395702,nan
193,Street,img,,,Street/img/image2_000288.png,Street/img/image2_000250.png,v0_A2B_p1_s1,60.380094,4.016013,60.642293,nan,11.84052572903459,9.171065026301294,2.669460702733297,6.709558055850848,nan
194,Street,img_north,,,Street/img_north/image_north_2_0207.png,Street/img_east/image_east_0182.png,v3_B2A_p2_s2,54.742853,6.554701,55.416459,nan,24.588589980246027,8.79710398363543,15.791485996610596,4.859308878131647,nan
195,Street,img,,,Street/img/image2_001385.png,Street/img_north/image_north_1_0271.png,v3_B2A_p2_s2,57.405214,4.798011,57.972081,nan,19.992130688672283,4.709788422038796,15.282342266633488,3.539090560166179,nan
196,Street,img_north,,,Street/img_north/image_north_2_0258.png,Street/img/image2_001210.png,v2_B2A_p1_s1,62.008224,1.42117,62.490917,nan,13.563199117833936,6.478445664159774,7.084753453674162,4.8156985491908415,nan
197,Street,img,,,Street/img/image2_000208.png,Street/img/image2_000190.png,v2_B2A_p1_s1,56.342357,2.287311,56.421214,nan,265.7300737202495,32.12085171826,233.6092220019895,3.1531411646637606,nan
198,Street,img_north,,,Street/img_north/image_north_1_0429.png,Street/img_east/image_east_0384.png,v2_B2A_p1_s1,63.453999,5.246115,63.788583,nan,51.67839141752113,11.582208635527056,40.096182781994074,1.1827907862573992,nan
199,Street,img,,,Street/img/image2_000927.png,Street/img_north/image_north_1_0375.png,v0_A2B_p1_s1,55.884372,1.433667,55.96215,nan,51.42276290451329,23.41925421838609,28.003508686127198,1.2053342886362295,nan
200,Street,img,,,Street/img/image2_000810.png,Street/img/image2_000707.png,v0_A2B_p1_s1,54.921784,7.330729,56.589609,nan,31.507700364121295,25.34868537945188,6.159014984669415,2.3187745245699736,nan
201,Street,img,,,Street/img/image2_001967.png,Street/img_north/image_north_1_0149.png,v3_B2A_p2_s2,64.684399,5.713261,65.083632,nan,5.089892771287283,4.080307512543846,1.009585258743437,2.2712240168543,nan
202,Street,img,,,Street/img/image2_000871.png,Street/img/image2_000846.png,v1_A2B_p2_s2,52.158395,0.3105,52.177076,nan,14.209898590419868,3.8605982079893315,10.349300382430537,2.7682309808060483,nan
203,Street,img,,,Street/img/image2_000290.png,Street/img/image2_000251.png,v0_A2B_p1_s1,57.301168,2.673972,57.586524,nan,61.187845062240996,16.875210048023543,44.31263501421745,7.905668593208788,nan
204,Street,img,,,Street/img/image2_000766.png,Street/img_south/image_south_1_0250.png,v2_B2A_p1_s1,53.74211,1.801799,53.777359,nan,45.057250411243544,14.421175888903978,30.63607452233957,1.6970987396719779,nan
205,Street,img,,,Street/img/image2_001778.png,Street/img_east/image_east_0128.png,v0_A2B_p1_s1,64.369179,7.308944,66.712551,nan,10.924968374619352,3.659214448158442,7.26575392646091,5.519137882894345,nan
206,Street,img,,,Street/img/image2_000209.png,Street/img/image2_000190.png,v1_A2B_p2_s2,59.812723,2.139883,59.849503,nan,167.75708476527558,23.986017583233345,143.77106718204223,1.0663124078170947,nan
207,Street,img,,,Street/img/image2_000443.png,Street/img/image2_000471.png,v1_A2B_p2_s2,60.468852,1.685535,60.533892,nan,2.6512988650127367,0.5524188621069432,2.0988800029057932,3.3792255685753108,nan
208,Street,img,,,Street/img/image2_001779.png,Street/img_east/image_east_0128.png,v2_B2A_p1_s1,62.466294,11.541963,65.286368,nan,8.373202993693674,1.7862409820641048,6.586962011629569,4.520403801084702,nan
209,Street,img,,,Street/img/image2_000213.png,Street/img_west/image_west_0114.png,v2_B2A_p1_s1,55.214558,1.031662,55.26482,nan,12.314061885538111,6.125555623987041,6.18850626155107,5.966319733784771,nan
210,Street,img,,,Street/img/image2_000925.png,Street/img_north/image_north_1_0377.png,v2_B2A_p1_s1,53.472424,2.127749,53.745107,nan,95.12796960404901,31.491330581922547,63.63663902212646,1.404434466968763,nan
211,Street,img,,,Street/img/image2_000923.png,Street/img/image2_000920.png,v2_B2A_p1_s1,51.037972,1.71156,51.12301,nan,15.593625310519927,3.25734832384205,12.336276986677877,3.1186441769556885,nan
212,Street,img,,,Street/img/image2_000289.png,Street/img/image2_000251.png,v1_A2B_p2_s2,63.987808,3.060713,64.349445,nan,21.341419831997065,3.123805511743607,18.217614320253457,3.250815660286173,nan
213,Street,img,,,Street/img/image2_002056.png,Street/img_south/image_south_1_0526.png,v1_A2B_p2_s2,61.29995,0.034262,61.317886,nan,19.87286189941893,14.934003314920094,4.938858584498837,2.4689827633918164,nan
214,Street,img,,,Street/img/image2_000587.png,Street/img_east/image_east_0393.png,v3_B2A_p2_s2,53.667697,3.210929,53.777951,nan,27.20028001838127,5.053937758266782,22.146342260114487,5.296333823179759,nan
215,Street,img,,,Street/img/image2_002340.png,Street/img/image2_002431.png,v1_A2B_p2_s2,61.089544,6.818094,61.488832,nan,31.006785957581897,22.46508666010822,8.541699297473677,2.683335981529734,nan
216,Street,img,,,Street/img/image2_000703.png,Street/img/image2_000806.png,v1_A2B_p2_s2,64.949338,2.349414,65.704033,nan,162.43494269193647,17.554921948990135,144.88002074294633,3.5422781427312073,nan
217,Street,img,,,Street/img/image2_001778.png,Street/img_east/image_east_0129.png,v3_B2A_p2_s2,64.773945,6.988315,66.868385,nan,17.268926442709425,9.044881507125748,8.224044935583677,3.9344162436735384,nan
218,Street,img,,,Street/img/image2_000651.png,Street/img_east/image_east_0365.png,v3_B2A_p2_s2,54.596012,2.953013,54.672818,nan,44.459115272215,9.060852121183704,35.3982631510313,3.349485706677758,nan
219,Street,img,,,Street/img/image2_000704.png,Street/img/image2_000807.png,v1_A2B_p2_s2,63.940035,4.887104,64.973006,nan,40.506107704551866,10.290565396973369,30.2155423075785,2.495899720192634,nan
220,Street,img,,,Street/img/image2_002336.png,Street/img/image2_002434.png,v0_A2B_p1_s1,59.153809,0.36582,60.178841,nan,5.3750712860583025,4.176015580509684,1.1990557055486184,2.9398202218010234,nan
221,Street,img,,,Street/img/image2_000871.png,Street/img/image2_000845.png,v1_A2B_p2_s2,58.990343,2.310186,59.035488,nan,38.943757431205306,5.244119954757587,33.69963747644772,1.9204427028364122,nan
222,Street,img,,,Street/img/image2_000208.png,Street/img/image2_000189.png,v1_A2B_p2_s2,58.355998,0.660701,58.359943,nan,35.57242003916444,20.074009154942747,15.498410884221697,1.774206748160207,nan
223,Street,img,,,Street/img/image2_001969.png,Street/img_north/image_north_1_0148.png,v2_B2A_p1_s1,53.908693,7.544531,54.702047,nan,46.94676796461264,14.523336414628355,32.42343154998429,1.5629295495416027,nan
224,Street,img,,,Street/img/image2_001754.png,Street/img_west/image_west_0457.png,v0_A2B_p1_s1,52.861152,10.306841,54.019604,nan,41.072107197391986,11.600307973485108,29.47179922390688,1.7576051659942398,nan
225,Street,img,,,Street/img/image2_000866.png,Street/img/image2_000852.png,v3_B2A_p2_s2,53.090835,3.548638,53.594073,nan,20.183995669021847,10.669588809479526,9.514406859542323,4.452505537157367,nan
226,Street,img,,,Street/img/image2_000856.png,Street/img/image2_000861.png,v3_B2A_p2_s2,51.787677,0.380367,51.830901,nan,9.155333647834535,2.423114860873118,6.732218786961417,1.279164999137729,nan
227,Street,img,,,Street/img/image2_002057.png,Street/img_south/image_south_1_0527.png,v2_B2A_p1_s1,55.35544,0.950115,55.382441,nan,23.660767289805307,5.115800198182805,18.544967091622503,3.393780557385504,nan
228,Street,img,,,Street/img/image2_000213.png,Street/img_west/image_west_0115.png,v1_A2B_p2_s2,53.937819,3.042734,54.086478,nan,262.1517569006909,48.97323823686563,213.17851866382523,20.958458557053245,nan
229,Street,img,,,Street/img/image2_000267.png,Street/img/image2_000262.png,v0_A2B_p1_s1,60.207336,7.017248,60.589203,nan,13.599101695022782,6.084582259219954,7.514519435802827,10.138330077571842,nan
230,Street,img,,,Street/img/image2_000206.png,Street/img/image2_000191.png,v2_B2A_p1_s1,57.911715,4.437146,58.143427,nan,278.6810464124767,38.07702440384182,240.60402200863487,2.9783733096707175,nan
231,Street,img,,,Street/img/image2_000926.png,Street/img_north/image_north_1_0375.png,v2_B2A_p1_s1,50.556373,2.763311,50.699811,nan,8.593326332705418,7.004716911427559,1.5886094212778588,1.8112986434041147,nan
232,Street,img,,,Street/img/image2_000274.png,Street/img/image2_000257.png,v0_A2B_p1_s1,64.002919,3.677244,64.09808,nan,7.50920740219828,3.9511638098938477,3.5580435923044322,1.9883432346990533,nan
233,Street,img,,,Street/img/image2_002112.png,Street/img_east/image_east_0067.png,v3_B2A_p2_s2,51.725712,0.518485,51.760449,nan,33.21599727911172,15.406810577027429,17.809186702084293,6.642618451874585,nan
234,Street,img,,,Street/img/image2_000290.png,Street/img/image2_000250.png,v2_B2A_p1_s1,50.889185,0.615589,50.981082,nan,30.633137441131723,18.63932248082909,11.993814960302634,8.738470243975437,nan
235,Street,img,,,Street/img/image2_000810.png,Street/img/image2_000706.png,v0_A2B_p1_s1,57.893796,5.435544,59.277058,nan,54.933132233603864,42.81310859316621,12.12002364043765,5.887927404206261,nan
236,Street,img,,,Street/img/image2_000270.png,Street/img/image2_000261.png,v3_B2A_p2_s2,50.555129,8.888283,51.509787,nan,6.384231728977383,1.5469065965761135,4.837325132401269,5.479016197505661,nan
237,Street,img,,,Street/img/image2_001447.png,Street/img_east/image_east_0192.png,v3_B2A_p2_s2,63.700557,3.978002,64.271575,nan,10.658142327940123,1.8505245462695998,8.807617781670523,5.539230027041681,nan
238,Street,img,,,Street/img/image2_000177.png,Street/img_west/image_west_0115.png,v1_A2B_p2_s2,56.5085,6.068879,58.219764,nan,15.014132150480044,6.374275713989172,8.639856436490872,4.559721742827621,nan
239,Street,img,,,Street/img/image2_001211.png,Street/img_north/image_north_1_0292.png,v3_B2A_p2_s2,56.715824,6.234545,57.178439,nan,21.181263648922084,4.031735865764019,17.149527783158064,2.5749567083165092,nan
240,Street,img,,,Street/img/image2_000209.png,Street/img/image2_000188.png,v0_A2B_p1_s1,63.268396,0.347099,63.272978,nan,37.02130755840997,19.908571565367236,17.112735993042737,1.9376378420746412,nan
241,Street,img,,,Street/img/image2_001211.png,Street/img_north/image_north_1_0293.png,v2_B2A_p1_s1,58.553304,5.399296,58.900338,nan,19.746284291762105,6.978436247746248,12.767848044015857,0.6262576531868925,nan
242,Street,img,,,Street/img/image2_000247.png,Street/img/image2_000244.png,v2_B2A_p1_s1,54.319017,2.018956,54.390952,nan,9.221605134674927,3.7913952784020912,5.430209856272836,8.172031650410098,nan
243,Street,img,,,Street/img/image2_001212.png,Street/img_north/image_north_1_0292.png,v1_A2B_p2_s2,59.232186,3.766319,59.386593,nan,22.46161212722306,2.4891407302801913,19.97247139694287,2.9595818014694726,nan
244,Street,img,,,Street/img/image2_001780.png,Street/img_east/image_east_0128.png,v1_A2B_p2_s2,56.859314,8.042993,59.538091,nan,8.77470038769627,1.9435137055467577,6.8311866821495135,2.5470981960116683,nan
245,Street,img,,,Street/img/image2_001449.png,Street/img_east/image_east_0193.png,v1_A2B_p2_s2,55.037576,2.721059,55.529094,nan,78.93246048463834,12.894013765790593,66.03844671884775,2.1146472210001233,nan
246,Street,img,,,Street/img/image2_001968.png,Street/img_north/image_north_1_0149.png,v3_B2A_p2_s2,56.597661,5.837763,57.089471,nan,84.89300017079408,20.28201808496208,64.610982085832,1.4177131635138265,nan
247,Street,img,,,Street/img/image2_000445.png,Street/img/image2_000471.png,v1_A2B_p2_s2,63.389316,1.41275,63.567708,nan,7.838739960063294,0.9943756105479504,6.8443643495153434,2.609933090009343,nan
248,Street,img,,,Street/img/image2_002064.png,Street/img_west/image_west_0517.png,v0_A2B_p1_s1,60.508717,6.13199,60.937778,nan,20.84954645516129,10.226335798380571,10.623210656780719,3.5201226109872157,nan
249,Street,img,,,Street/img/image2_000359.png,Street/img_west/image_west_0157.png,v2_B2A_p1_s1,56.138055,12.493621,58.804754,nan,9.11022171444797,3.2698907679115115,5.840330946536458,1.5807851340722354,nan
250,Street,img,,,Street/img/image2_000293.png,Street/img/image2_000253.png,v2_B2A_p1_s1,57.363082,5.427294,57.788615,nan,15.24830142923787,13.094186040039896,2.1541153891979743,3.642857629953258,nan
251,Street,img,,,Street/img/image2_002063.png,Street/img_west/image_west_0516.png,v0_A2B_p1_s1,56.827989,4.230617,56.972532,nan,11.451002921304838,5.351663813075655,6.099339108229182,2.4378053735154324,nan
252,Street,img,,,Street/img/image2_001216.png,Street/img/image2_001212.png,v3_B2A_p2_s2,60.095041,4.378939,60.298301,nan,13.019485628701696,0.9744006675340646,12.045084961167632,5.854368632028401,nan
253,Street,img,,,Street/img/image2_001809.png,Street/img/image2_001788.png,v2_B2A_p1_s1,50.282061,6.394465,51.735552,nan,18.48633989379035,6.900942283326303,11.585397610464048,4.737391877273028,nan
254,Street,img,,,Street/img/image2_001754.png,Street/img_west/image_west_0458.png,v1_A2B_p2_s2,59.804567,8.559501,60.404613,nan,19.338493147339733,10.512676946187863,8.825816201151872,4.55671840481029,nan
255,Street,img,,,Street/img/image2_000853.png,Street/img/image2_000864.png,v3_B2A_p2_s2,61.505438,3.306585,61.656765,nan,29.799640621363213,8.278433823057636,21.521206798305577,6.552421127721538,nan
256,Street,img,,,Street/img/image2_002059.png,Street/img_south/image_south_1_0528.png,v0_A2B_p1_s1,55.317168,0.797786,55.336935,nan,14.563807539860731,3.878565856896175,10.685241682964556,4.173657031613965,nan
257,Street,img,,,Street/img/image2_001784.png,Street/img_east/image_east_0125.png,v3_B2A_p2_s2,50.097377,10.293426,53.871518,nan,11.685585410978462,2.0465444515590967,9.639040959419365,2.094080240218715,nan
258,Street,img,,,Street/img/image2_000924.png,Street/img_north/image_north_1_0377.png,v3_B2A_p2_s2,59.195342,3.309959,59.392048,nan,78.5735285949566,22.98641488167177,55.587113713284836,0.8824479248700651,nan
259,Street,img,,,Street/img/image2_000923.png,Street/img_north/image_north_1_0377.png,v0_A2B_p1_s1,60.551421,1.296522,60.69644,nan,9.580676100024764,3.8008950855223063,5.779781014502458,2.8960659535639874,nan
260,Street,img,,,Street/img/image2_000240.png,Street/img/image2_000284.png,v2_B2A_p1_s1,58.359601,5.19248,58.719519,nan,19.320418874033713,6.758779345267546,12.561639528766168,7.681724146969485,nan
261,Street,img,,,Street/img/image2_000266.png,Street/img/image2_000262.png,v1_A2B_p2_s2,54.385948,5.266758,54.621272,nan,46.56101200835947,15.129859682000438,31.43115232635903,7.331713927596918,nan
262,Street,img,,,Street/img/image2_001920.png,Street/img_west/image_west_0492.png,v2_B2A_p1_s1,58.546327,12.607774,59.866467,nan,82.65431757101001,70.46755823558854,12.186759335421474,174.62864590324375,nan
263,Street,img,,,Street/img/image2_002338.png,Street/img/image2_002433.png,v2_B2A_p1_s1,52.908481,0.321803,52.977668,nan,8.804574588339635,5.6927007515713814,3.111873836768254,3.589253308487512,nan
264,Street,img,,,Street/img/image2_001525.png,Street/img_west/image_west_0415.png,v2_B2A_p1_s1,59.81065,3.034313,60.380222,nan,14.154763708536265,3.353889813084657,10.800873895451607,2.7124804690310858,nan
265,Street,img,,,Street/img/image2_000705.png,Street/img/image2_000808.png,v0_A2B_p1_s1,61.290291,5.111148,62.204089,nan,68.67546145043818,31.45671247009284,37.21874898034534,3.379043096811445,nan
266,Street,img,,,Street/img/image2_002058.png,Street/img_south/image_south_1_0527.png,v3_B2A_p2_s2,55.011147,1.59458,55.033278,nan,20.434380531128763,6.895318672361843,13.53906185876692,3.814992427786858,nan
267,Street,img,,,Street/img/image2_000355.png,Street/img_west/image_west_0154.png,v2_B2A_p1_s1,50.721999,9.841747,52.126465,nan,13.860046866867233,5.807412575921691,8.052634290945543,1.4476100363739688,nan
268,Street,img,,,Street/img/image2_001782.png,Street/img_east/image_east_0126.png,v3_B2A_p2_s2,55.59088,7.902555,58.7164,nan,14.059987257530747,9.642082156186593,4.417905101344154,2.521519406149328,nan
269,Street,img,,,Street/img/image2_000178.png,Street/img_west/image_west_0115.png,v0_A2B_p1_s1,52.523773,4.829424,54.746368,nan,13.695998284887587,7.061779495467592,6.634218789419996,5.677618287587909,nan
270,Street,img,,,Street/img/image2_001323.png,Street/img_east/image_east_0238.png,v2_B2A_p1_s1,58.731929,4.290504,59.011007,nan,27.720580447425554,12.278051538927391,15.442528908498163,2.647641441497864,nan
271,Street,img,,,Street/img/image2_001781.png,Street/img_east/image_east_0127.png,v3_B2A_p2_s2,55.073372,8.039848,56.911314,nan,6.128194013332485,3.068096852856858,3.060097160475627,3.525423464647799,nan
272,Street,img,,,Street/img/image2_000809.png,Street/img/image2_000706.png,v2_B2A_p1_s1,56.611802,6.074282,57.653951,nan,78.49842223724214,22.15943565996545,56.33898657727669,2.52857891637297,nan
273,Street,img,,,Street/img/image2_000335.png,Street/img_west/image_west_0144.png,v0_A2B_p1_s1,55.352254,1.811541,55.472652,nan,14.523194149879345,3.319819706684007,11.203374443195337,4.069267559964294,nan
274,Street,img,,,Street/img/image2_001210.png,Street/img_north/image_north_1_0293.png,v1_A2B_p2_s2,61.937691,4.44177,62.113379,nan,18.042398864001576,3.4153373103985105,14.627061553603065,3.3286872430344014,nan
275,Street,img,,,Street/img/image2_000209.png,Street/img/image2_000189.png,v2_B2A_p1_s1,61.792853,0.574117,61.822843,nan,57.580825119261924,12.600613170879434,44.98021194838249,4.759510075015483,nan
276,Street,img,,,Street/img/image2_001968.png,Street/img_north/image_north_1_0148.png,v1_A2B_p2_s2,57.125366,6.922269,57.731371,nan,63.18271612972551,14.896895233888648,48.28582089583686,5.216273392284316,nan
277,Street,img,,,Street/img/image2_000765.png,Street/img_south/image_south_1_0249.png,v2_B2A_p1_s1,56.925812,4.765604,57.114176,nan,73.64544853815195,8.12982629402359,65.51562224412837,3.6008796978975735,nan
278,Street,img,,,Street/img/image2_001428.png,Street/img_south/image_south_1_0405.png,v1_A2B_p2_s2,58.713311,1.017961,58.992768,nan,46.741451024997914,24.261053026995057,22.480397998002857,5.582750572166748,nan
279,Street,img,,,Street/img/image2_001429.png,Street/img_south/image_south_1_0405.png,v0_A2B_p1_s1,54.32756,3.176065,54.509017,nan,34.23911034003214,6.358154855360551,27.88095548467159,4.5376150612448285,nan
280,Street,img,,,Street/img/image2_000870.png,Street/img/image2_000849.png,v0_A2B_p1_s1,51.371891,2.551786,51.63716,nan,36.9315586184031,16.062889280427296,20.86866933797581,2.208690956543571,nan
281,Street,img,,,Street/img/image2_000289.png,Street/img/image2_000250.png,v2_B2A_p1_s1,57.555754,1.047495,57.714156,nan,65.71392008443311,10.008204780624137,55.70571530380897,7.353762221596603,nan
282,Street,img,,,Street/img/image2_000585.png,Street/img_east/image_east_0395.png,v3_B2A_p2_s2,63.773823,3.783729,63.885675,nan,22.84158174730884,10.064423061187544,12.777158686121297,9.617953975344776,nan
283,Street,img,,,Street/img/image2_000247.png,Street/img/image2_000243.png,v2_B2A_p1_s1,60.052042,2.756842,60.128611,nan,7.768803301018554,4.315467960901025,3.4533353401175293,9.12169104358038,nan
284,Street,img,,,Street/img/image2_002338.png,Street/img/image2_002432.png,v3_B2A_p2_s2,56.334024,4.395403,56.555135,nan,20.458333586763683,17.525425405863363,2.9329081809003195,2.4337859271136217,nan
285,Street,img,,,Street/img/image2_002341.png,Street/img/image2_002429.png,v2_B2A_p1_s1,62.584508,6.164953,62.858928,nan,38.67912295451593,11.33724123454341,27.34188171997252,5.685659256363883,nan
