pair_idx,rel_a,rel_b,scene,yaw_diff_deg,pitch_diff_deg,rot_deg,rot_err_deg,trans_dir_err_deg
0,f71ac346cd0fc4652a89afb37044887ec3907d37d01d1ceb0ad28e1a780d8e03/nerfstudio/images_4/frame_00002.png,f71ac346cd0fc4652a89afb37044887ec3907d37d01d1ceb0ad28e1a780d8e03/nerfstudio/images_4/frame_00115.png,f71ac346cd0f,76.8196,9.4821,77.6033,14.48116485023715,7.650559070014667
1,e78f8cebd2bd93d960bfaeac18fac0bb2524f15c44288903cd20b73e599e8a81/nerfstudio/images_4/frame_00059.png,e78f8cebd2bd93d960bfaeac18fac0bb2524f15c44288903cd20b73e599e8a81/nerfstudio/images_4/frame_00120.png,e78f8cebd2bd,64.5346,1.7694,65.6691,11.93259298108153,3.7487569500635893
2,b3bf9079b442c681749f6bd95cfb0659c6d844f2228b2f4fa4b602a0e3627b9a/nerfstudio/images_4/frame_00141.png,b3bf9079b442c681749f6bd95cfb0659c6d844f2228b2f4fa4b602a0e3627b9a/nerfstudio/images_4/frame_00351.png,b3bf9079b442,51.4375,19.008,60.0248,7.273768086184178,2.0680220036050434
3,cc08c0bdc34ddd2867705d0b17a86ec2a9d7c7926ce99070ed1fdc66a812de07/nerfstudio/images_4/frame_00046.png,cc08c0bdc34ddd2867705d0b17a86ec2a9d7c7926ce99070ed1fdc66a812de07/nerfstudio/images_4/frame_00183.png,cc08c0bdc34d,60.8752,3.9367,61.7527,9.83314989605728,5.974720450629055
4,56452d9cd9e2e034764132a57058517ab085e1352f9664d2d1e10e98741334fc/nerfstudio/images_4/frame_00036.png,56452d9cd9e2e034764132a57058517ab085e1352f9664d2d1e10e98741334fc/nerfstudio/images_4/frame_00231.png,56452d9cd9e2,71.3108,15.7517,78.7795,5.025424940256593,4.293855759340835
5,b3bf9079b442c681749f6bd95cfb0659c6d844f2228b2f4fa4b602a0e3627b9a/nerfstudio/images_4/frame_00041.png,b3bf9079b442c681749f6bd95cfb0659c6d844f2228b2f4fa4b602a0e3627b9a/nerfstudio/images_4/frame_00169.png,b3bf9079b442,60.0494,8.6058,65.1353,10.144984940995672,10.09780622590257
6,073f5a9b983ced6fb28b23051260558b165f328a16b2d33fe20585b7ee4ad561/nerfstudio/images_4/frame_00192.png,073f5a9b983ced6fb28b23051260558b165f328a16b2d33fe20585b7ee4ad561/nerfstudio/images_4/frame_00236.png,073f5a9b983c,82.3371,13.7505,83.2992,83.29924634726625,180.0
7,1264931635e127fb905c8953cbc2deadd0c763e633af7fbd9405a61ca849710c/nerfstudio/images_4/frame_00045.png,1264931635e127fb905c8953cbc2deadd0c763e633af7fbd9405a61ca849710c/nerfstudio/images_4/frame_00076.png,1264931635e1,62.0011,0.3476,62.0011,3.838474508245033,2.3498681341843684
8,f71ac346cd0fc4652a89afb37044887ec3907d37d01d1ceb0ad28e1a780d8e03/nerfstudio/images_4/frame_00199.png,f71ac346cd0fc4652a89afb37044887ec3907d37d01d1ceb0ad28e1a780d8e03/nerfstudio/images_4/frame_00293.png,f71ac346cd0f,50.0647,13.5285,51.6212,7.780836863656226,4.347154874315158
9,b3bf9079b442c681749f6bd95cfb0659c6d844f2228b2f4fa4b602a0e3627b9a/nerfstudio/images_4/frame_00034.png,b3bf9079b442c681749f6bd95cfb0659c6d844f2228b2f4fa4b602a0e3627b9a/nerfstudio/images_4/frame_00100.png,b3bf9079b442,52.8688,6.5809,57.1246,5.2168602200384715,1.5337824559386053
10,15ff83e2531668d27c92091c97d31401ce323e24ee7c844cb32d5109ab9335f7/nerfstudio/images_4/frame_00165.png,15ff83e2531668d27c92091c97d31401ce323e24ee7c844cb32d5109ab9335f7/nerfstudio/images_4/frame_00311.png,15ff83e25316,64.6726,37.3847,72.5319,8.272964334576582,5.560899999549056
11,f71ac346cd0fc4652a89afb37044887ec3907d37d01d1ceb0ad28e1a780d8e03/nerfstudio/images_4/frame_00190.png,f71ac346cd0fc4652a89afb37044887ec3907d37d01d1ceb0ad28e1a780d8e03/nerfstudio/images_4/frame_00285.png,f71ac346cd0f,54.1024,7.6007,54.4923,16.599791040651436,7.17936491260097
12,493816813d2d6d248eb3c2b0b77b63e54235266e9a06e270fd0d282f13960493/nerfstudio/images_4/frame_00193.png,493816813d2d6d248eb3c2b0b77b63e54235266e9a06e270fd0d282f13960493/nerfstudio/images_4/frame_00295.png,493816813d2d,70.4529,6.1417,70.5208,5.377666041386263,3.1941885291121084
13,d9b6376623741313bf6da6bf4cdb9828be614a2ce9390ceb3f31cd535d661a75/nerfstudio/images_4/frame_00003.png,d9b6376623741313bf6da6bf4cdb9828be614a2ce9390ceb3f31cd535d661a75/nerfstudio/images_4/frame_00299.png,d9b637662374,53.4841,24.5865,58.8677,9.348523306241088,3.0033785692226713
14,0569e83fdc248a51fc0ab082ce5e2baff15755c53c207f545e6d02d91f01d166/nerfstudio/images_4/frame_00120.png,0569e83fdc248a51fc0ab082ce5e2baff15755c53c207f545e6d02d91f01d166/nerfstudio/images_4/frame_00301.png,0569e83fdc24,66.988,8.5158,67.4052,17.097819661508975,8.482374918911438
15,b3bf9079b442c681749f6bd95cfb0659c6d844f2228b2f4fa4b602a0e3627b9a/nerfstudio/images_4/frame_00219.png,b3bf9079b442c681749f6bd95cfb0659c6d844f2228b2f4fa4b602a0e3627b9a/nerfstudio/images_4/frame_00307.png,b3bf9079b442,67.6957,2.7005,69.7669,14.654127617472161,6.648920069578103
16,9641a1ed7963ce5ca734cff3e6ccea3dfa8bcb0b0a3ff78f65d32a080de2d71e/nerfstudio/images_4/frame_00155.png,9641a1ed7963ce5ca734cff3e6ccea3dfa8bcb0b0a3ff78f65d32a080de2d71e/nerfstudio/images_4/frame_00208.png,9641a1ed7963,65.5306,1.2636,61.1935,1.1221706753259804,1.1453071367865895
17,f71ac346cd0fc4652a89afb37044887ec3907d37d01d1ceb0ad28e1a780d8e03/nerfstudio/images_4/frame_00107.png,f71ac346cd0fc4652a89afb37044887ec3907d37d01d1ceb0ad28e1a780d8e03/nerfstudio/images_4/frame_00292.png,f71ac346cd0f,69.6639,28.0398,74.4335,14.040075027953277,7.333894683608055
18,cd9c981eeb4a9091547af19181b382698e9d9eee0a838c7c9783a8a268af6aee/nerfstudio/images_4/frame_00170.png,cd9c981eeb4a9091547af19181b382698e9d9eee0a838c7c9783a8a268af6aee/nerfstudio/images_4/frame_00299.png,cd9c981eeb4a,65.3107,0.1242,66.4424,6.4095865492103545,2.056124758583241
19,e78f8cebd2bd93d960bfaeac18fac0bb2524f15c44288903cd20b73e599e8a81/nerfstudio/images_4/frame_00151.png,e78f8cebd2bd93d960bfaeac18fac0bb2524f15c44288903cd20b73e599e8a81/nerfstudio/images_4/frame_00235.png,e78f8cebd2bd,72.6877,19.109,74.9035,15.90582254576437,7.76265438736811
20,d9b6376623741313bf6da6bf4cdb9828be614a2ce9390ceb3f31cd535d661a75/nerfstudio/images_4/frame_00133.png,d9b6376623741313bf6da6bf4cdb9828be614a2ce9390ceb3f31cd535d661a75/nerfstudio/images_4/frame_00294.png,d9b637662374,70.9945,6.1824,70.975,5.356060086368933,6.625753983649048
21,56452d9cd9e2e034764132a57058517ab085e1352f9664d2d1e10e98741334fc/nerfstudio/images_4/frame_00071.png,56452d9cd9e2e034764132a57058517ab085e1352f9664d2d1e10e98741334fc/nerfstudio/images_4/frame_00318.png,56452d9cd9e2,84.2984,4.7572,88.1708,3.2314897873843775,2.3100045137683867
22,286239bd0d4436b747987c40f8cbfc0675bb69435d4ab19a3f73b9d816d0c09a/nerfstudio/images_4/frame_00093.png,286239bd0d4436b747987c40f8cbfc0675bb69435d4ab19a3f73b9d816d0c09a/nerfstudio/images_4/frame_00107.png,286239bd0d44,73.7389,7.3264,75.5136,5.879180895496322,5.018180681959966
23,0569e83fdc248a51fc0ab082ce5e2baff15755c53c207f545e6d02d91f01d166/nerfstudio/images_4/frame_00166.png,0569e83fdc248a51fc0ab082ce5e2baff15755c53c207f545e6d02d91f01d166/nerfstudio/images_4/frame_00292.png,0569e83fdc24,71.9336,7.9019,72.227,13.226125382490103,3.240122497432549
24,493816813d2d6d248eb3c2b0b77b63e54235266e9a06e270fd0d282f13960493/nerfstudio/images_4/frame_00070.png,493816813d2d6d248eb3c2b0b77b63e54235266e9a06e270fd0d282f13960493/nerfstudio/images_4/frame_00095.png,493816813d2d,65.0816,0.537,65.2098,3.5612732615727287,7.495485154447415
25,d4fbeba0168af8fddb2fc695881787aedcd62f477c7dcec9ebca7b8594bbd95b/nerfstudio/images_4/frame_00077.png,d4fbeba0168af8fddb2fc695881787aedcd62f477c7dcec9ebca7b8594bbd95b/nerfstudio/images_4/frame_00227.png,d4fbeba0168a,55.0098,16.6681,57.6218,8.983917153897218,5.724687205627104
26,9641a1ed7963ce5ca734cff3e6ccea3dfa8bcb0b0a3ff78f65d32a080de2d71e/nerfstudio/images_4/frame_00024.png,9641a1ed7963ce5ca734cff3e6ccea3dfa8bcb0b0a3ff78f65d32a080de2d71e/nerfstudio/images_4/frame_00103.png,9641a1ed7963,52.8111,18.5014,55.7767,4.107057780594153,4.899447969461196
27,0569e83fdc248a51fc0ab082ce5e2baff15755c53c207f545e6d02d91f01d166/nerfstudio/images_4/frame_00014.png,0569e83fdc248a51fc0ab082ce5e2baff15755c53c207f545e6d02d91f01d166/nerfstudio/images_4/frame_00154.png,0569e83fdc24,87.7344,2.9013,87.6149,40.306351256791245,38.94985786436029
28,d9b6376623741313bf6da6bf4cdb9828be614a2ce9390ceb3f31cd535d661a75/nerfstudio/images_4/frame_00384.png,d9b6376623741313bf6da6bf4cdb9828be614a2ce9390ceb3f31cd535d661a75/nerfstudio/images_4/frame_00403.png,d9b637662374,81.4993,9.9865,81.6655,8.936908444933328,4.78446490686798
29,c37109a55effe0000f8e40652ca935376e75bcb2a0b56de8eabd20a26e2a0f68/nerfstudio/images_4/frame_00028.png,c37109a55effe0000f8e40652ca935376e75bcb2a0b56de8eabd20a26e2a0f68/nerfstudio/images_4/frame_00347.png,c37109a55eff,89.4208,13.3902,90.2114,32.93782785900844,22.941604201838853
30,56452d9cd9e2e034764132a57058517ab085e1352f9664d2d1e10e98741334fc/nerfstudio/images_4/frame_00072.png,56452d9cd9e2e034764132a57058517ab085e1352f9664d2d1e10e98741334fc/nerfstudio/images_4/frame_00331.png,56452d9cd9e2,85.0281,4.5668,88.8091,11.403955828972242,9.07730087812429
31,cc08c0bdc34ddd2867705d0b17a86ec2a9d7c7926ce99070ed1fdc66a812de07/nerfstudio/images_4/frame_00145.png,cc08c0bdc34ddd2867705d0b17a86ec2a9d7c7926ce99070ed1fdc66a812de07/nerfstudio/images_4/frame_00318.png,cc08c0bdc34d,66.2401,7.684,67.1802,10.054350587889967,2.4130055844556164
32,b6d1134cb03c855d246f916beaa2d3d01290cf47937a5176011ff39b850ec615/nerfstudio/images_4/frame_00099.png,b6d1134cb03c855d246f916beaa2d3d01290cf47937a5176011ff39b850ec615/nerfstudio/images_4/frame_00319.png,b6d1134cb03c,70.0375,9.7637,73.7215,60.33867228300828,23.253104341752074
33,56452d9cd9e2e034764132a57058517ab085e1352f9664d2d1e10e98741334fc/nerfstudio/images_4/frame_00071.png,56452d9cd9e2e034764132a57058517ab085e1352f9664d2d1e10e98741334fc/nerfstudio/images_4/frame_00324.png,56452d9cd9e2,84.0624,6.2102,88.2406,10.351354102530228,4.8463780198483235
34,d4fbeba0168af8fddb2fc695881787aedcd62f477c7dcec9ebca7b8594bbd95b/nerfstudio/images_4/frame_00073.png,d4fbeba0168af8fddb2fc695881787aedcd62f477c7dcec9ebca7b8594bbd95b/nerfstudio/images_4/frame_00286.png,d4fbeba0168a,71.8008,17.1686,73.8976,73.89755240048926,180.0
35,b3bf9079b442c681749f6bd95cfb0659c6d844f2228b2f4fa4b602a0e3627b9a/nerfstudio/images_4/frame_00011.png,b3bf9079b442c681749f6bd95cfb0659c6d844f2228b2f4fa4b602a0e3627b9a/nerfstudio/images_4/frame_00084.png,b3bf9079b442,50.4721,1.7651,51.7415,5.919868017712946,3.862575412244193
36,f71ac346cd0fc4652a89afb37044887ec3907d37d01d1ceb0ad28e1a780d8e03/nerfstudio/images_4/frame_00153.png,f71ac346cd0fc4652a89afb37044887ec3907d37d01d1ceb0ad28e1a780d8e03/nerfstudio/images_4/frame_00325.png,f71ac346cd0f,58.7944,6.494,59.0865,14.992128390918037,6.930684298048747
37,e78f8cebd2bd93d960bfaeac18fac0bb2524f15c44288903cd20b73e599e8a81/nerfstudio/images_4/frame_00206.png,e78f8cebd2bd93d960bfaeac18fac0bb2524f15c44288903cd20b73e599e8a81/nerfstudio/images_4/frame_00273.png,e78f8cebd2bd,84.341,2.1255,83.8444,18.987188031137347,10.48921997877717
38,9c8c0e0fadd97abf60088f667eba058ef077a71a8c0f5a4eff2782aa97f1ceb8/nerfstudio/images_4/frame_00158.png,9c8c0e0fadd97abf60088f667eba058ef077a71a8c0f5a4eff2782aa97f1ceb8/nerfstudio/images_4/frame_00220.png,9c8c0e0fadd9,81.6741,6.394,83.3742,6.797107693731256,3.539357441784815
39,cc08c0bdc34ddd2867705d0b17a86ec2a9d7c7926ce99070ed1fdc66a812de07/nerfstudio/images_4/frame_00218.png,cc08c0bdc34ddd2867705d0b17a86ec2a9d7c7926ce99070ed1fdc66a812de07/nerfstudio/images_4/frame_00312.png,cc08c0bdc34d,52.5668,3.331,52.9152,8.570339960667903,0.8390248448718437
40,15ff83e2531668d27c92091c97d31401ce323e24ee7c844cb32d5109ab9335f7/nerfstudio/images_4/frame_00170.png,15ff83e2531668d27c92091c97d31401ce323e24ee7c844cb32d5109ab9335f7/nerfstudio/images_4/frame_00269.png,15ff83e25316,72.1047,0.0609,71.9494,8.478488081740307,2.834209494034612
41,9c8c0e0fadd97abf60088f667eba058ef077a71a8c0f5a4eff2782aa97f1ceb8/nerfstudio/images_4/frame_00073.png,9c8c0e0fadd97abf60088f667eba058ef077a71a8c0f5a4eff2782aa97f1ceb8/nerfstudio/images_4/frame_00159.png,9c8c0e0fadd9,64.6377,15.499,63.9519,0.4640718000627922,2.855031783083636
42,15ff83e2531668d27c92091c97d31401ce323e24ee7c844cb32d5109ab9335f7/nerfstudio/images_4/frame_00016.png,15ff83e2531668d27c92091c97d31401ce323e24ee7c844cb32d5109ab9335f7/nerfstudio/images_4/frame_00163.png,15ff83e25316,57.1939,9.4273,58.4254,7.387899141334121,3.5523753259832667
43,d4fbeba0168af8fddb2fc695881787aedcd62f477c7dcec9ebca7b8594bbd95b/nerfstudio/images_4/frame_00104.png,d4fbeba0168af8fddb2fc695881787aedcd62f477c7dcec9ebca7b8594bbd95b/nerfstudio/images_4/frame_00290.png,d4fbeba0168a,75.1328,19.7985,77.3966,13.231950851310023,5.267533770383762
44,073f5a9b983ced6fb28b23051260558b165f328a16b2d33fe20585b7ee4ad561/nerfstudio/images_4/frame_00096.png,073f5a9b983ced6fb28b23051260558b165f328a16b2d33fe20585b7ee4ad561/nerfstudio/images_4/frame_00127.png,073f5a9b983c,73.1141,5.0228,72.2708,72.27075737951967,180.0
45,9641a1ed7963ce5ca734cff3e6ccea3dfa8bcb0b0a3ff78f65d32a080de2d71e/nerfstudio/images_4/frame_00031.png,9641a1ed7963ce5ca734cff3e6ccea3dfa8bcb0b0a3ff78f65d32a080de2d71e/nerfstudio/images_4/frame_00272.png,9641a1ed7963,79.258,10.5936,82.9085,3.8822901938562318,4.185699682536614
46,493816813d2d6d248eb3c2b0b77b63e54235266e9a06e270fd0d282f13960493/nerfstudio/images_4/frame_00195.png,493816813d2d6d248eb3c2b0b77b63e54235266e9a06e270fd0d282f13960493/nerfstudio/images_4/frame_00297.png,493816813d2d,70.3538,2.4116,70.2689,5.273079079651854,0.9486453009521643
47,dafa9c7cbda9d1ddaa8a2b51fc8c54f4eb44161f5e5c53685dc744580ca77751/nerfstudio/images_4/frame_00137.png,dafa9c7cbda9d1ddaa8a2b51fc8c54f4eb44161f5e5c53685dc744580ca77751/nerfstudio/images_4/frame_00336.png,dafa9c7cbda9,86.242,14.8573,87.3307,87.33065973041451,180.0
48,f71ac346cd0fc4652a89afb37044887ec3907d37d01d1ceb0ad28e1a780d8e03/nerfstudio/images_4/frame_00119.png,f71ac346cd0fc4652a89afb37044887ec3907d37d01d1ceb0ad28e1a780d8e03/nerfstudio/images_4/frame_00270.png,f71ac346cd0f,77.9432,7.2117,78.2121,18.914736651467557,10.659101397633801
49,b6d1134cb03c855d246f916beaa2d3d01290cf47937a5176011ff39b850ec615/nerfstudio/images_4/frame_00092.png,b6d1134cb03c855d246f916beaa2d3d01290cf47937a5176011ff39b850ec615/nerfstudio/images_4/frame_00244.png,b6d1134cb03c,73.0201,2.3907,75.9677,8.766483936023137,2.1225905326821892
50,b6d1134cb03c855d246f916beaa2d3d01290cf47937a5176011ff39b850ec615/nerfstudio/images_4/frame_00115.png,b6d1134cb03c855d246f916beaa2d3d01290cf47937a5176011ff39b850ec615/nerfstudio/images_4/frame_00345.png,b6d1134cb03c,82.2995,0.7737,87.2735,5.819856658303038,1.4129204299368017
51,d9b6376623741313bf6da6bf4cdb9828be614a2ce9390ceb3f31cd535d661a75/nerfstudio/images_4/frame_00160.png,d9b6376623741313bf6da6bf4cdb9828be614a2ce9390ceb3f31cd535d661a75/nerfstudio/images_4/frame_00392.png,d9b637662374,52.892,10.6077,53.7153,4.5485334358122635,4.333611887752929
52,0569e83fdc248a51fc0ab082ce5e2baff15755c53c207f545e6d02d91f01d166/nerfstudio/images_4/frame_00001.png,0569e83fdc248a51fc0ab082ce5e2baff15755c53c207f545e6d02d91f01d166/nerfstudio/images_4/frame_00091.png,0569e83fdc24,67.8055,2.5811,67.8899,14.703724964765508,7.047672574684501
53,0569e83fdc248a51fc0ab082ce5e2baff15755c53c207f545e6d02d91f01d166/nerfstudio/images_4/frame_00005.png,0569e83fdc248a51fc0ab082ce5e2baff15755c53c207f545e6d02d91f01d166/nerfstudio/images_4/frame_00132.png,0569e83fdc24,86.9798,0.3158,87.0072,18.81138636950334,10.26693974782136
54,dafa9c7cbda9d1ddaa8a2b51fc8c54f4eb44161f5e5c53685dc744580ca77751/nerfstudio/images_4/frame_00142.png,dafa9c7cbda9d1ddaa8a2b51fc8c54f4eb44161f5e5c53685dc744580ca77751/nerfstudio/images_4/frame_00204.png,dafa9c7cbda9,62.8704,7.1587,63.1587,63.15866987248632,180.0
55,1264931635e127fb905c8953cbc2deadd0c763e633af7fbd9405a61ca849710c/nerfstudio/images_4/frame_00079.png,1264931635e127fb905c8953cbc2deadd0c763e633af7fbd9405a61ca849710c/nerfstudio/images_4/frame_00265.png,1264931635e1,65.5658,6.1798,65.9493,9.837279406529035,5.192866628097626
56,d4fbeba0168af8fddb2fc695881787aedcd62f477c7dcec9ebca7b8594bbd95b/nerfstudio/images_4/frame_00104.png,d4fbeba0168af8fddb2fc695881787aedcd62f477c7dcec9ebca7b8594bbd95b/nerfstudio/images_4/frame_00266.png,d4fbeba0168a,73.0103,19.2466,75.2699,12.441127030710438,9.27256043496119
57,c37109a55effe0000f8e40652ca935376e75bcb2a0b56de8eabd20a26e2a0f68/nerfstudio/images_4/frame_00056.png,c37109a55effe0000f8e40652ca935376e75bcb2a0b56de8eabd20a26e2a0f68/nerfstudio/images_4/frame_00114.png,c37109a55eff,87.0268,1.68,87.0154,61.787730371551106,26.24664098009763
58,493816813d2d6d248eb3c2b0b77b63e54235266e9a06e270fd0d282f13960493/nerfstudio/images_4/frame_00014.png,493816813d2d6d248eb3c2b0b77b63e54235266e9a06e270fd0d282f13960493/nerfstudio/images_4/frame_00299.png,493816813d2d,54.259,15.1435,56.1547,2.5446200492712028,3.5139475792495367
59,c37109a55effe0000f8e40652ca935376e75bcb2a0b56de8eabd20a26e2a0f68/nerfstudio/images_4/frame_00053.png,c37109a55effe0000f8e40652ca935376e75bcb2a0b56de8eabd20a26e2a0f68/nerfstudio/images_4/frame_00260.png,c37109a55eff,53.5241,14.2595,55.2671,3.495748432405684,1.3916631633874523
60,b6d1134cb03c855d246f916beaa2d3d01290cf47937a5176011ff39b850ec615/nerfstudio/images_4/frame_00006.png,b6d1134cb03c855d246f916beaa2d3d01290cf47937a5176011ff39b850ec615/nerfstudio/images_4/frame_00167.png,b6d1134cb03c,56.4973,8.4763,59.1903,6.1039274374566155,3.632783126412406
61,e78f8cebd2bd93d960bfaeac18fac0bb2524f15c44288903cd20b73e599e8a81/nerfstudio/images_4/frame_00119.png,e78f8cebd2bd93d960bfaeac18fac0bb2524f15c44288903cd20b73e599e8a81/nerfstudio/images_4/frame_00306.png,e78f8cebd2bd,87.2299,7.3854,88.2977,11.464963512218718,6.423613520782509
62,f71ac346cd0fc4652a89afb37044887ec3907d37d01d1ceb0ad28e1a780d8e03/nerfstudio/images_4/frame_00046.png,f71ac346cd0fc4652a89afb37044887ec3907d37d01d1ceb0ad28e1a780d8e03/nerfstudio/images_4/frame_00190.png,f71ac346cd0f,55.0446,8.6484,55.8477,8.540853067957707,7.949108887157353
63,5c8dafad7d782c76ffad8c14e9e1244ce2b83aa12324c54a3cc10176964acf04/nerfstudio/images_4/frame_00100.png,5c8dafad7d782c76ffad8c14e9e1244ce2b83aa12324c54a3cc10176964acf04/nerfstudio/images_4/frame_00185.png,5c8dafad7d78,80.4775,5.8976,80.7779,2.981604063597016,0.9191985302678662
64,493816813d2d6d248eb3c2b0b77b63e54235266e9a06e270fd0d282f13960493/nerfstudio/images_4/frame_00027.png,493816813d2d6d248eb3c2b0b77b63e54235266e9a06e270fd0d282f13960493/nerfstudio/images_4/frame_00318.png,493816813d2d,78.8063,3.5207,78.8813,7.185156203482737,6.941806611019041
65,dafa9c7cbda9d1ddaa8a2b51fc8c54f4eb44161f5e5c53685dc744580ca77751/nerfstudio/images_4/frame_00220.png,dafa9c7cbda9d1ddaa8a2b51fc8c54f4eb44161f5e5c53685dc744580ca77751/nerfstudio/images_4/frame_00250.png,dafa9c7cbda9,69.3685,0.421,69.3779,69.3779355878387,180.0
66,0569e83fdc248a51fc0ab082ce5e2baff15755c53c207f545e6d02d91f01d166/nerfstudio/images_4/frame_00159.png,0569e83fdc248a51fc0ab082ce5e2baff15755c53c207f545e6d02d91f01d166/nerfstudio/images_4/frame_00263.png,0569e83fdc24,69.8011,6.4954,70.205,22.377174602959577,6.560794149606808
67,9641a1ed7963ce5ca734cff3e6ccea3dfa8bcb0b0a3ff78f65d32a080de2d71e/nerfstudio/images_4/frame_00030.png,9641a1ed7963ce5ca734cff3e6ccea3dfa8bcb0b0a3ff78f65d32a080de2d71e/nerfstudio/images_4/frame_00118.png,9641a1ed7963,65.5028,15.2841,68.0912,2.469422450982878,3.66570808022441
68,073f5a9b983ced6fb28b23051260558b165f328a16b2d33fe20585b7ee4ad561/nerfstudio/images_4/frame_00011.png,073f5a9b983ced6fb28b23051260558b165f328a16b2d33fe20585b7ee4ad561/nerfstudio/images_4/frame_00166.png,073f5a9b983c,78.6465,6.1128,78.5345,4.503268269116167,3.7822531232265555
69,f71ac346cd0fc4652a89afb37044887ec3907d37d01d1ceb0ad28e1a780d8e03/nerfstudio/images_4/frame_00019.png,f71ac346cd0fc4652a89afb37044887ec3907d37d01d1ceb0ad28e1a780d8e03/nerfstudio/images_4/frame_00136.png,f71ac346cd0f,85.9349,14.9629,87.0227,16.790917514382215,10.304021078562663
70,f71ac346cd0fc4652a89afb37044887ec3907d37d01d1ceb0ad28e1a780d8e03/nerfstudio/images_4/frame_00139.png,f71ac346cd0fc4652a89afb37044887ec3907d37d01d1ceb0ad28e1a780d8e03/nerfstudio/images_4/frame_00242.png,f71ac346cd0f,64.0494,2.941,63.8623,15.318793100039205,7.177932376889453
71,d4fbeba0168af8fddb2fc695881787aedcd62f477c7dcec9ebca7b8594bbd95b/nerfstudio/images_4/frame_00038.png,d4fbeba0168af8fddb2fc695881787aedcd62f477c7dcec9ebca7b8594bbd95b/nerfstudio/images_4/frame_00217.png,d4fbeba0168a,55.3594,17.852,57.8656,57.86556315728456,180.0
72,9c8c0e0fadd97abf60088f667eba058ef077a71a8c0f5a4eff2782aa97f1ceb8/nerfstudio/images_4/frame_00199.png,9c8c0e0fadd97abf60088f667eba058ef077a71a8c0f5a4eff2782aa97f1ceb8/nerfstudio/images_4/frame_00308.png,9c8c0e0fadd9,63.2152,27.1979,67.5897,3.094627510621859,1.5018285325407328
73,5c8dafad7d782c76ffad8c14e9e1244ce2b83aa12324c54a3cc10176964acf04/nerfstudio/images_4/frame_00020.png,5c8dafad7d782c76ffad8c14e9e1244ce2b83aa12324c54a3cc10176964acf04/nerfstudio/images_4/frame_00303.png,5c8dafad7d78,73.4435,2.036,73.673,0.5372452930119158,0.6871828150517406
74,56452d9cd9e2e034764132a57058517ab085e1352f9664d2d1e10e98741334fc/nerfstudio/images_4/frame_00005.png,56452d9cd9e2e034764132a57058517ab085e1352f9664d2d1e10e98741334fc/nerfstudio/images_4/frame_00328.png,56452d9cd9e2,67.9148,7.2514,71.8658,71.86579875933275,180.0
75,c37109a55effe0000f8e40652ca935376e75bcb2a0b56de8eabd20a26e2a0f68/nerfstudio/images_4/frame_00029.png,c37109a55effe0000f8e40652ca935376e75bcb2a0b56de8eabd20a26e2a0f68/nerfstudio/images_4/frame_00066.png,c37109a55eff,71.4264,4.3792,71.8855,2.1569090158526363,0.5542380033589893
76,b3bf9079b442c681749f6bd95cfb0659c6d844f2228b2f4fa4b602a0e3627b9a/nerfstudio/images_4/frame_00156.png,b3bf9079b442c681749f6bd95cfb0659c6d844f2228b2f4fa4b602a0e3627b9a/nerfstudio/images_4/frame_00290.png,b3bf9079b442,55.1807,1.2179,56.8743,10.375237036430722,4.385633935186292
77,2beaca318994c25409dcbb6d0bdd96c3620f2f18aec44ea3f20edd302f18ca78/nerfstudio/images_4/frame_00077.png,2beaca318994c25409dcbb6d0bdd96c3620f2f18aec44ea3f20edd302f18ca78/nerfstudio/images_4/frame_00202.png,2beaca318994,55.6154,6.3105,57.1188,2.2733568920240987,4.540285985683998
78,073f5a9b983ced6fb28b23051260558b165f328a16b2d33fe20585b7ee4ad561/nerfstudio/images_4/frame_00169.png,073f5a9b983ced6fb28b23051260558b165f328a16b2d33fe20585b7ee4ad561/nerfstudio/images_4/frame_00208.png,073f5a9b983c,88.5412,15.5607,89.6804,89.68038098262267,180.0
79,d4fbeba0168af8fddb2fc695881787aedcd62f477c7dcec9ebca7b8594bbd95b/nerfstudio/images_4/frame_00044.png,d4fbeba0168af8fddb2fc695881787aedcd62f477c7dcec9ebca7b8594bbd95b/nerfstudio/images_4/frame_00183.png,d4fbeba0168a,88.7714,9.4362,88.9771,88.97705701523874,180.0
80,56452d9cd9e2e034764132a57058517ab085e1352f9664d2d1e10e98741334fc/nerfstudio/images_4/frame_00022.png,56452d9cd9e2e034764132a57058517ab085e1352f9664d2d1e10e98741334fc/nerfstudio/images_4/frame_00276.png,56452d9cd9e2,80.2951,7.3472,84.1104,8.01317937786812,6.1144044217455065
81,d9b6376623741313bf6da6bf4cdb9828be614a2ce9390ceb3f31cd535d661a75/nerfstudio/images_4/frame_00235.png,d9b6376623741313bf6da6bf4cdb9828be614a2ce9390ceb3f31cd535d661a75/nerfstudio/images_4/frame_00403.png,d9b637662374,86.439,2.2133,86.4333,86.43329055487968,180.0
82,c37109a55effe0000f8e40652ca935376e75bcb2a0b56de8eabd20a26e2a0f68/nerfstudio/images_4/frame_00250.png,c37109a55effe0000f8e40652ca935376e75bcb2a0b56de8eabd20a26e2a0f68/nerfstudio/images_4/frame_00278.png,c37109a55eff,55.9133,7.0294,56.3702,23.985417891865364,9.239531668711919
83,b6d1134cb03c855d246f916beaa2d3d01290cf47937a5176011ff39b850ec615/nerfstudio/images_4/frame_00003.png,b6d1134cb03c855d246f916beaa2d3d01290cf47937a5176011ff39b850ec615/nerfstudio/images_4/frame_00145.png,b6d1134cb03c,78.0208,6.9284,79.7836,7.077215676653985,3.6953067519254454
84,15ff83e2531668d27c92091c97d31401ce323e24ee7c844cb32d5109ab9335f7/nerfstudio/images_4/frame_00128.png,15ff83e2531668d27c92091c97d31401ce323e24ee7c844cb32d5109ab9335f7/nerfstudio/images_4/frame_00273.png,15ff83e25316,70.0783,4.362,70.4036,5.587173949676114,5.974923742494199
85,1264931635e127fb905c8953cbc2deadd0c763e633af7fbd9405a61ca849710c/nerfstudio/images_4/frame_00053.png,1264931635e127fb905c8953cbc2deadd0c763e633af7fbd9405a61ca849710c/nerfstudio/images_4/frame_00186.png,1264931635e1,64.4391,2.2051,64.5736,8.724359359405367,3.5155728192157203
86,15ff83e2531668d27c92091c97d31401ce323e24ee7c844cb32d5109ab9335f7/nerfstudio/images_4/frame_00031.png,15ff83e2531668d27c92091c97d31401ce323e24ee7c844cb32d5109ab9335f7/nerfstudio/images_4/frame_00310.png,15ff83e25316,58.2448,32.8941,66.7246,11.471120379792909,14.565780024879023
87,cc08c0bdc34ddd2867705d0b17a86ec2a9d7c7926ce99070ed1fdc66a812de07/nerfstudio/images_4/frame_00137.png,cc08c0bdc34ddd2867705d0b17a86ec2a9d7c7926ce99070ed1fdc66a812de07/nerfstudio/images_4/frame_00300.png,cc08c0bdc34d,55.0484,4.6974,56.181,7.544463684678976,2.856102000479513
88,493816813d2d6d248eb3c2b0b77b63e54235266e9a06e270fd0d282f13960493/nerfstudio/images_4/frame_00165.png,493816813d2d6d248eb3c2b0b77b63e54235266e9a06e270fd0d282f13960493/nerfstudio/images_4/frame_00262.png,493816813d2d,74.7545,0.9572,76.3209,3.358439321249264,1.827133185308263
89,d9b6376623741313bf6da6bf4cdb9828be614a2ce9390ceb3f31cd535d661a75/nerfstudio/images_4/frame_00050.png,d9b6376623741313bf6da6bf4cdb9828be614a2ce9390ceb3f31cd535d661a75/nerfstudio/images_4/frame_00234.png,d9b637662374,52.4997,8.4089,53.1758,53.17578643954765,180.0
90,d9b6376623741313bf6da6bf4cdb9828be614a2ce9390ceb3f31cd535d661a75/nerfstudio/images_4/frame_00188.png,d9b6376623741313bf6da6bf4cdb9828be614a2ce9390ceb3f31cd535d661a75/nerfstudio/images_4/frame_00360.png,d9b637662374,68.4345,4.5675,68.7867,68.78667225718591,180.0
91,cd9c981eeb4a9091547af19181b382698e9d9eee0a838c7c9783a8a268af6aee/nerfstudio/images_4/frame_00142.png,cd9c981eeb4a9091547af19181b382698e9d9eee0a838c7c9783a8a268af6aee/nerfstudio/images_4/frame_00265.png,cd9c981eeb4a,89.0483,3.4811,91.0682,9.339639067906793,3.6522652982418893
92,d9b6376623741313bf6da6bf4cdb9828be614a2ce9390ceb3f31cd535d661a75/nerfstudio/images_4/frame_00098.png,d9b6376623741313bf6da6bf4cdb9828be614a2ce9390ceb3f31cd535d661a75/nerfstudio/images_4/frame_00326.png,d9b637662374,81.9545,2.7345,81.4867,8.859866315013917,0.3794435018723534
93,2beaca318994c25409dcbb6d0bdd96c3620f2f18aec44ea3f20edd302f18ca78/nerfstudio/images_4/frame_00023.png,2beaca318994c25409dcbb6d0bdd96c3620f2f18aec44ea3f20edd302f18ca78/nerfstudio/images_4/frame_00097.png,2beaca318994,60.2698,5.4479,63.2834,2.3207167761765737,2.198664571552015
94,b6d1134cb03c855d246f916beaa2d3d01290cf47937a5176011ff39b850ec615/nerfstudio/images_4/frame_00128.png,b6d1134cb03c855d246f916beaa2d3d01290cf47937a5176011ff39b850ec615/nerfstudio/images_4/frame_00364.png,b6d1134cb03c,70.5957,6.9134,70.4001,5.3329766455766014,9.449464607232214
95,0569e83fdc248a51fc0ab082ce5e2baff15755c53c207f545e6d02d91f01d166/nerfstudio/images_4/frame_00100.png,0569e83fdc248a51fc0ab082ce5e2baff15755c53c207f545e6d02d91f01d166/nerfstudio/images_4/frame_00294.png,0569e83fdc24,64.9936,3.6134,65.133,18.810834989201663,9.202529936202499
96,56452d9cd9e2e034764132a57058517ab085e1352f9664d2d1e10e98741334fc/nerfstudio/images_4/frame_00017.png,56452d9cd9e2e034764132a57058517ab085e1352f9664d2d1e10e98741334fc/nerfstudio/images_4/frame_00311.png,56452d9cd9e2,81.0547,0.6576,84.2072,18.34623488436702,6.6681886918119675
97,d4fbeba0168af8fddb2fc695881787aedcd62f477c7dcec9ebca7b8594bbd95b/nerfstudio/images_4/frame_00050.png,d4fbeba0168af8fddb2fc695881787aedcd62f477c7dcec9ebca7b8594bbd95b/nerfstudio/images_4/frame_00186.png,d4fbeba0168a,85.1274,9.7278,85.4609,85.46087437471205,180.0
98,cc08c0bdc34ddd2867705d0b17a86ec2a9d7c7926ce99070ed1fdc66a812de07/nerfstudio/images_4/frame_00069.png,cc08c0bdc34ddd2867705d0b17a86ec2a9d7c7926ce99070ed1fdc66a812de07/nerfstudio/images_4/frame_00191.png,cc08c0bdc34d,51.1524,11.9501,53.1616,9.768645469827527,6.494466940602428
99,f71ac346cd0fc4652a89afb37044887ec3907d37d01d1ceb0ad28e1a780d8e03/nerfstudio/images_4/frame_00027.png,f71ac346cd0fc4652a89afb37044887ec3907d37d01d1ceb0ad28e1a780d8e03/nerfstudio/images_4/frame_00202.png,f71ac346cd0f,57.1405,6.7585,57.8303,14.415698813278757,8.337093324917893
100,dafa9c7cbda9d1ddaa8a2b51fc8c54f4eb44161f5e5c53685dc744580ca77751/nerfstudio/images_4/frame_00040.png,dafa9c7cbda9d1ddaa8a2b51fc8c54f4eb44161f5e5c53685dc744580ca77751/nerfstudio/images_4/frame_00092.png,dafa9c7cbda9,83.0859,3.5658,83.8542,83.85418356193951,180.0
101,56452d9cd9e2e034764132a57058517ab085e1352f9664d2d1e10e98741334fc/nerfstudio/images_4/frame_00081.png,56452d9cd9e2e034764132a57058517ab085e1352f9664d2d1e10e98741334fc/nerfstudio/images_4/frame_00200.png,56452d9cd9e2,50.5811,12.4473,55.9397,3.262846330563897,5.6602380424517404
102,e78f8cebd2bd93d960bfaeac18fac0bb2524f15c44288903cd20b73e599e8a81/nerfstudio/images_4/frame_00122.png,e78f8cebd2bd93d960bfaeac18fac0bb2524f15c44288903cd20b73e599e8a81/nerfstudio/images_4/frame_00306.png,e78f8cebd2bd,87.3291,7.1623,88.4082,14.36721378492853,8.818097677051657
103,dafa9c7cbda9d1ddaa8a2b51fc8c54f4eb44161f5e5c53685dc744580ca77751/nerfstudio/images_4/frame_00181.png,dafa9c7cbda9d1ddaa8a2b51fc8c54f4eb44161f5e5c53685dc744580ca77751/nerfstudio/images_4/frame_00225.png,dafa9c7cbda9,77.7413,2.2463,77.6036,77.60361226416427,180.0
104,9641a1ed7963ce5ca734cff3e6ccea3dfa8bcb0b0a3ff78f65d32a080de2d71e/nerfstudio/images_4/frame_00068.png,9641a1ed7963ce5ca734cff3e6ccea3dfa8bcb0b0a3ff78f65d32a080de2d71e/nerfstudio/images_4/frame_00319.png,9641a1ed7963,67.0967,1.9537,69.8213,1.4150263042499793,2.0366289301270424
105,c37109a55effe0000f8e40652ca935376e75bcb2a0b56de8eabd20a26e2a0f68/nerfstudio/images_4/frame_00102.png,c37109a55effe0000f8e40652ca935376e75bcb2a0b56de8eabd20a26e2a0f68/nerfstudio/images_4/frame_00132.png,c37109a55eff,58.8053,0.3456,58.8188,9.281650253896052,5.220679980089424
106,d9b6376623741313bf6da6bf4cdb9828be614a2ce9390ceb3f31cd535d661a75/nerfstudio/images_4/frame_00255.png,d9b6376623741313bf6da6bf4cdb9828be614a2ce9390ceb3f31cd535d661a75/nerfstudio/images_4/frame_00349.png,d9b637662374,68.9396,30.9174,70.4187,70.41871574685149,180.0
107,c37109a55effe0000f8e40652ca935376e75bcb2a0b56de8eabd20a26e2a0f68/nerfstudio/images_4/frame_00019.png,c37109a55effe0000f8e40652ca935376e75bcb2a0b56de8eabd20a26e2a0f68/nerfstudio/images_4/frame_00237.png,c37109a55eff,77.0546,11.2273,77.7755,5.959242905844672,5.35557078684494
108,c37109a55effe0000f8e40652ca935376e75bcb2a0b56de8eabd20a26e2a0f68/nerfstudio/images_4/frame_00116.png,c37109a55effe0000f8e40652ca935376e75bcb2a0b56de8eabd20a26e2a0f68/nerfstudio/images_4/frame_00153.png,c37109a55eff,82.8796,0.1664,82.705,5.350019224699375,1.051689732297742
109,073f5a9b983ced6fb28b23051260558b165f328a16b2d33fe20585b7ee4ad561/nerfstudio/images_4/frame_00119.png,073f5a9b983ced6fb28b23051260558b165f328a16b2d33fe20585b7ee4ad561/nerfstudio/images_4/frame_00276.png,073f5a9b983c,65.4221,8.6248,65.7655,65.76554140154684,180.0
110,493816813d2d6d248eb3c2b0b77b63e54235266e9a06e270fd0d282f13960493/nerfstudio/images_4/frame_00055.png,493816813d2d6d248eb3c2b0b77b63e54235266e9a06e270fd0d282f13960493/nerfstudio/images_4/frame_00352.png,493816813d2d,65.416,16.2654,67.1987,6.0932889154027094,5.099848962158066
111,2beaca318994c25409dcbb6d0bdd96c3620f2f18aec44ea3f20edd302f18ca78/nerfstudio/images_4/frame_00072.png,2beaca318994c25409dcbb6d0bdd96c3620f2f18aec44ea3f20edd302f18ca78/nerfstudio/images_4/frame_00197.png,2beaca318994,57.668,9.0208,59.3304,1.4822529606008479,2.780724811637474
112,493816813d2d6d248eb3c2b0b77b63e54235266e9a06e270fd0d282f13960493/nerfstudio/images_4/frame_00019.png,493816813d2d6d248eb3c2b0b77b63e54235266e9a06e270fd0d282f13960493/nerfstudio/images_4/frame_00122.png,493816813d2d,84.252,4.0289,84.2623,7.6132252271332135,1.7122572250383596
113,d9b6376623741313bf6da6bf4cdb9828be614a2ce9390ceb3f31cd535d661a75/nerfstudio/images_4/frame_00145.png,d9b6376623741313bf6da6bf4cdb9828be614a2ce9390ceb3f31cd535d661a75/nerfstudio/images_4/frame_00286.png,d9b637662374,64.8975,29.0336,73.4319,4.3460961272602345,9.002346712726924
114,d9b6376623741313bf6da6bf4cdb9828be614a2ce9390ceb3f31cd535d661a75/nerfstudio/images_4/frame_00247.png,d9b6376623741313bf6da6bf4cdb9828be614a2ce9390ceb3f31cd535d661a75/nerfstudio/images_4/frame_00342.png,d9b637662374,67.1216,3.2106,65.7179,7.534079973379144,15.325585384020098
115,9641a1ed7963ce5ca734cff3e6ccea3dfa8bcb0b0a3ff78f65d32a080de2d71e/nerfstudio/images_4/frame_00052.png,9641a1ed7963ce5ca734cff3e6ccea3dfa8bcb0b0a3ff78f65d32a080de2d71e/nerfstudio/images_4/frame_00302.png,9641a1ed7963,63.0044,12.2459,67.4061,5.833051028127612,4.461705755304027
116,b6d1134cb03c855d246f916beaa2d3d01290cf47937a5176011ff39b850ec615/nerfstudio/images_4/frame_00133.png,b6d1134cb03c855d246f916beaa2d3d01290cf47937a5176011ff39b850ec615/nerfstudio/images_4/frame_00201.png,b6d1134cb03c,79.8545,2.278,79.0133,79.01325811246652,180.0
117,b6d1134cb03c855d246f916beaa2d3d01290cf47937a5176011ff39b850ec615/nerfstudio/images_4/frame_00100.png,b6d1134cb03c855d246f916beaa2d3d01290cf47937a5176011ff39b850ec615/nerfstudio/images_4/frame_00285.png,b6d1134cb03c,73.5617,3.4088,78.0406,13.705311509102227,5.496240203949999
118,e78f8cebd2bd93d960bfaeac18fac0bb2524f15c44288903cd20b73e599e8a81/nerfstudio/images_4/frame_00079.png,e78f8cebd2bd93d960bfaeac18fac0bb2524f15c44288903cd20b73e599e8a81/nerfstudio/images_4/frame_00298.png,e78f8cebd2bd,59.4464,1.4155,59.7639,14.593266272789508,6.850412598090898
119,b3bf9079b442c681749f6bd95cfb0659c6d844f2228b2f4fa4b602a0e3627b9a/nerfstudio/images_4/frame_00097.png,b3bf9079b442c681749f6bd95cfb0659c6d844f2228b2f4fa4b602a0e3627b9a/nerfstudio/images_4/frame_00316.png,b3bf9079b442,61.1954,8.3872,63.8226,4.838087393952179,11.54522258919052
120,0569e83fdc248a51fc0ab082ce5e2baff15755c53c207f545e6d02d91f01d166/nerfstudio/images_4/frame_00161.png,0569e83fdc248a51fc0ab082ce5e2baff15755c53c207f545e6d02d91f01d166/nerfstudio/images_4/frame_00265.png,0569e83fdc24,70.2384,7.1371,70.7348,17.611223163178373,7.273205168888693
121,d4fbeba0168af8fddb2fc695881787aedcd62f477c7dcec9ebca7b8594bbd95b/nerfstudio/images_4/frame_00171.png,d4fbeba0168af8fddb2fc695881787aedcd62f477c7dcec9ebca7b8594bbd95b/nerfstudio/images_4/frame_00247.png,d4fbeba0168a,88.5653,11.4459,89.6364,14.247286467486427,6.352501850856001
122,b6d1134cb03c855d246f916beaa2d3d01290cf47937a5176011ff39b850ec615/nerfstudio/images_4/frame_00111.png,b6d1134cb03c855d246f916beaa2d3d01290cf47937a5176011ff39b850ec615/nerfstudio/images_4/frame_00279.png,b6d1134cb03c,80.9748,4.7729,86.6282,168.13675796674977,174.20137224487252
123,cc08c0bdc34ddd2867705d0b17a86ec2a9d7c7926ce99070ed1fdc66a812de07/nerfstudio/images_4/frame_00174.png,cc08c0bdc34ddd2867705d0b17a86ec2a9d7c7926ce99070ed1fdc66a812de07/nerfstudio/images_4/frame_00315.png,cc08c0bdc34d,63.9901,7.7628,64.7707,9.428136929059963,3.6055214324338616
124,dafa9c7cbda9d1ddaa8a2b51fc8c54f4eb44161f5e5c53685dc744580ca77751/nerfstudio/images_4/frame_00025.png,dafa9c7cbda9d1ddaa8a2b51fc8c54f4eb44161f5e5c53685dc744580ca77751/nerfstudio/images_4/frame_00273.png,dafa9c7cbda9,56.5197,14.3922,57.9419,6.437997629132911,5.831960108301214
125,073f5a9b983ced6fb28b23051260558b165f328a16b2d33fe20585b7ee4ad561/nerfstudio/images_4/frame_00125.png,073f5a9b983ced6fb28b23051260558b165f328a16b2d33fe20585b7ee4ad561/nerfstudio/images_4/frame_00341.png,073f5a9b983c,86.0683,8.0775,86.3956,17.81304328831191,7.680091004868345
126,493816813d2d6d248eb3c2b0b77b63e54235266e9a06e270fd0d282f13960493/nerfstudio/images_4/frame_00036.png,493816813d2d6d248eb3c2b0b77b63e54235266e9a06e270fd0d282f13960493/nerfstudio/images_4/frame_00271.png,493816813d2d,78.452,16.8992,80.3863,2.498487935323448,2.4996549241076584
127,b3bf9079b442c681749f6bd95cfb0659c6d844f2228b2f4fa4b602a0e3627b9a/nerfstudio/images_4/frame_00101.png,b3bf9079b442c681749f6bd95cfb0659c6d844f2228b2f4fa4b602a0e3627b9a/nerfstudio/images_4/frame_00331.png,b3bf9079b442,55.6245,5.2647,58.9412,3.2768815535434723,9.164802913141687
128,e78f8cebd2bd93d960bfaeac18fac0bb2524f15c44288903cd20b73e599e8a81/nerfstudio/images_4/frame_00004.png,e78f8cebd2bd93d960bfaeac18fac0bb2524f15c44288903cd20b73e599e8a81/nerfstudio/images_4/frame_00102.png,e78f8cebd2bd,81.2681,10.2097,83.0802,17.18305728568017,5.948204004265781
129,b3bf9079b442c681749f6bd95cfb0659c6d844f2228b2f4fa4b602a0e3627b9a/nerfstudio/images_4/frame_00183.png,b3bf9079b442c681749f6bd95cfb0659c6d844f2228b2f4fa4b602a0e3627b9a/nerfstudio/images_4/frame_00298.png,b3bf9079b442,73.7071,0.5367,75.9923,11.342717625455823,4.811526281647215
130,9c8c0e0fadd97abf60088f667eba058ef077a71a8c0f5a4eff2782aa97f1ceb8/nerfstudio/images_4/frame_00131.png,9c8c0e0fadd97abf60088f667eba058ef077a71a8c0f5a4eff2782aa97f1ceb8/nerfstudio/images_4/frame_00376.png,9c8c0e0fadd9,56.5009,18.0887,58.636,2.6959303912903914,0.8131116197087392
131,dafa9c7cbda9d1ddaa8a2b51fc8c54f4eb44161f5e5c53685dc744580ca77751/nerfstudio/images_4/frame_00038.png,dafa9c7cbda9d1ddaa8a2b51fc8c54f4eb44161f5e5c53685dc744580ca77751/nerfstudio/images_4/frame_00205.png,dafa9c7cbda9,65.5181,12.491,66.8474,11.040719437418334,8.34524807994638
132,56452d9cd9e2e034764132a57058517ab085e1352f9664d2d1e10e98741334fc/nerfstudio/images_4/frame_00093.png,56452d9cd9e2e034764132a57058517ab085e1352f9664d2d1e10e98741334fc/nerfstudio/images_4/frame_00288.png,56452d9cd9e2,75.7065,3.5261,76.56,2.6072955084740217,1.6041313786923703
133,073f5a9b983ced6fb28b23051260558b165f328a16b2d33fe20585b7ee4ad561/nerfstudio/images_4/frame_00207.png,073f5a9b983ced6fb28b23051260558b165f328a16b2d33fe20585b7ee4ad561/nerfstudio/images_4/frame_00258.png,073f5a9b983c,88.3946,2.9154,88.4324,88.43238263909467,180.0
134,b6d1134cb03c855d246f916beaa2d3d01290cf47937a5176011ff39b850ec615/nerfstudio/images_4/frame_00021.png,b6d1134cb03c855d246f916beaa2d3d01290cf47937a5176011ff39b850ec615/nerfstudio/images_4/frame_00142.png,b6d1134cb03c,67.3747,6.4563,68.8362,9.976830776656207,6.431431752087521
135,cd9c981eeb4a9091547af19181b382698e9d9eee0a838c7c9783a8a268af6aee/nerfstudio/images_4/frame_00124.png,cd9c981eeb4a9091547af19181b382698e9d9eee0a838c7c9783a8a268af6aee/nerfstudio/images_4/frame_00230.png,cd9c981eeb4a,86.7793,4.0803,87.977,6.1900577509760195,2.992931399909998
136,0569e83fdc248a51fc0ab082ce5e2baff15755c53c207f545e6d02d91f01d166/nerfstudio/images_4/frame_00024.png,0569e83fdc248a51fc0ab082ce5e2baff15755c53c207f545e6d02d91f01d166/nerfstudio/images_4/frame_00196.png,0569e83fdc24,52.6825,10.9702,53.8612,13.863977703215207,6.356163994888115
137,d9b6376623741313bf6da6bf4cdb9828be614a2ce9390ceb3f31cd535d661a75/nerfstudio/images_4/frame_00135.png,d9b6376623741313bf6da6bf4cdb9828be614a2ce9390ceb3f31cd535d661a75/nerfstudio/images_4/frame_00182.png,d9b637662374,75.0746,13.982,74.983,5.861974172506649,3.180990405231397
138,b3bf9079b442c681749f6bd95cfb0659c6d844f2228b2f4fa4b602a0e3627b9a/nerfstudio/images_4/frame_00179.png,b3bf9079b442c681749f6bd95cfb0659c6d844f2228b2f4fa4b602a0e3627b9a/nerfstudio/images_4/frame_00295.png,b3bf9079b442,70.0798,1.2362,71.8879,13.048183172218756,6.630007199231017
139,1264931635e127fb905c8953cbc2deadd0c763e633af7fbd9405a61ca849710c/nerfstudio/images_4/frame_00088.png,1264931635e127fb905c8953cbc2deadd0c763e633af7fbd9405a61ca849710c/nerfstudio/images_4/frame_00268.png,1264931635e1,50.86,7.9063,51.4587,3.3954859599174325,1.0707435058073722
140,2beaca318994c25409dcbb6d0bdd96c3620f2f18aec44ea3f20edd302f18ca78/nerfstudio/images_4/frame_00183.png,2beaca318994c25409dcbb6d0bdd96c3620f2f18aec44ea3f20edd302f18ca78/nerfstudio/images_4/frame_00331.png,2beaca318994,58.812,7.1782,59.3085,1.2250313889717293,2.3595911120565134
141,9641a1ed7963ce5ca734cff3e6ccea3dfa8bcb0b0a3ff78f65d32a080de2d71e/nerfstudio/images_4/frame_00259.png,9641a1ed7963ce5ca734cff3e6ccea3dfa8bcb0b0a3ff78f65d32a080de2d71e/nerfstudio/images_4/frame_00324.png,9641a1ed7963,88.5554,11.4395,90.2529,0.9419344276417232,1.8997921608686463
142,b3bf9079b442c681749f6bd95cfb0659c6d844f2228b2f4fa4b602a0e3627b9a/nerfstudio/images_4/frame_00198.png,b3bf9079b442c681749f6bd95cfb0659c6d844f2228b2f4fa4b602a0e3627b9a/nerfstudio/images_4/frame_00316.png,b3bf9079b442,70.739,4.8822,73.92,11.700976360568525,4.774943545880378
143,b3bf9079b442c681749f6bd95cfb0659c6d844f2228b2f4fa4b602a0e3627b9a/nerfstudio/images_4/frame_00191.png,b3bf9079b442c681749f6bd95cfb0659c6d844f2228b2f4fa4b602a0e3627b9a/nerfstudio/images_4/frame_00336.png,b3bf9079b442,59.5144,13.4024,64.6948,10.23268801304768,3.5571119347814664
144,cd9c981eeb4a9091547af19181b382698e9d9eee0a838c7c9783a8a268af6aee/nerfstudio/images_4/frame_00087.png,cd9c981eeb4a9091547af19181b382698e9d9eee0a838c7c9783a8a268af6aee/nerfstudio/images_4/frame_00268.png,cd9c981eeb4a,51.4498,0.4787,52.4801,4.171825381076653,4.612819794083095
145,cd9c981eeb4a9091547af19181b382698e9d9eee0a838c7c9783a8a268af6aee/nerfstudio/images_4/frame_00027.png,cd9c981eeb4a9091547af19181b382698e9d9eee0a838c7c9783a8a268af6aee/nerfstudio/images_4/frame_00114.png,cd9c981eeb4a,55.9604,2.6675,56.4207,9.658596613936227,7.8774932325964295
146,5c8dafad7d782c76ffad8c14e9e1244ce2b83aa12324c54a3cc10176964acf04/nerfstudio/images_4/frame_00172.png,5c8dafad7d782c76ffad8c14e9e1244ce2b83aa12324c54a3cc10176964acf04/nerfstudio/images_4/frame_00312.png,5c8dafad7d78,65.6293,7.0034,65.7691,0.8791941209719475,0.9356967400499395
147,b3bf9079b442c681749f6bd95cfb0659c6d844f2228b2f4fa4b602a0e3627b9a/nerfstudio/images_4/frame_00179.png,b3bf9079b442c681749f6bd95cfb0659c6d844f2228b2f4fa4b602a0e3627b9a/nerfstudio/images_4/frame_00333.png,b3bf9079b442,75.2977,9.5572,80.8921,10.274766215600645,2.911472836635612
148,b6d1134cb03c855d246f916beaa2d3d01290cf47937a5176011ff39b850ec615/nerfstudio/images_4/frame_00137.png,b6d1134cb03c855d246f916beaa2d3d01290cf47937a5176011ff39b850ec615/nerfstudio/images_4/frame_00245.png,b6d1134cb03c,64.8446,17.9014,67.4578,4.8348489481778465,2.732503000488803
149,0569e83fdc248a51fc0ab082ce5e2baff15755c53c207f545e6d02d91f01d166/nerfstudio/images_4/frame_00012.png,0569e83fdc248a51fc0ab082ce5e2baff15755c53c207f545e6d02d91f01d166/nerfstudio/images_4/frame_00193.png,0569e83fdc24,66.122,0.1252,66.029,15.423815085114999,8.385669995730467
150,d9b6376623741313bf6da6bf4cdb9828be614a2ce9390ceb3f31cd535d661a75/nerfstudio/images_4/frame_00110.png,d9b6376623741313bf6da6bf4cdb9828be614a2ce9390ceb3f31cd535d661a75/nerfstudio/images_4/frame_00315.png,d9b637662374,79.9952,8.1534,80.3156,11.791518961814377,13.956723425515127
151,9c8c0e0fadd97abf60088f667eba058ef077a71a8c0f5a4eff2782aa97f1ceb8/nerfstudio/images_4/frame_00025.png,9c8c0e0fadd97abf60088f667eba058ef077a71a8c0f5a4eff2782aa97f1ceb8/nerfstudio/images_4/frame_00300.png,9c8c0e0fadd9,87.6884,8.0641,87.8302,2.7533182225967656,2.3272876818655583
152,56452d9cd9e2e034764132a57058517ab085e1352f9664d2d1e10e98741334fc/nerfstudio/images_4/frame_00120.png,56452d9cd9e2e034764132a57058517ab085e1352f9664d2d1e10e98741334fc/nerfstudio/images_4/frame_00307.png,56452d9cd9e2,53.293,8.6885,54.5278,2.9921745940936195,2.817097581617426
153,56452d9cd9e2e034764132a57058517ab085e1352f9664d2d1e10e98741334fc/nerfstudio/images_4/frame_00067.png,56452d9cd9e2e034764132a57058517ab085e1352f9664d2d1e10e98741334fc/nerfstudio/images_4/frame_00289.png,56452d9cd9e2,83.6811,5.7903,86.0037,4.986697711366534,1.4263506049051475
154,f71ac346cd0fc4652a89afb37044887ec3907d37d01d1ceb0ad28e1a780d8e03/nerfstudio/images_4/frame_00152.png,f71ac346cd0fc4652a89afb37044887ec3907d37d01d1ceb0ad28e1a780d8e03/nerfstudio/images_4/frame_00330.png,f71ac346cd0f,59.2533,5.9621,59.4429,18.47449588715808,8.043537872647248
155,493816813d2d6d248eb3c2b0b77b63e54235266e9a06e270fd0d282f13960493/nerfstudio/images_4/frame_00174.png,493816813d2d6d248eb3c2b0b77b63e54235266e9a06e270fd0d282f13960493/nerfstudio/images_4/frame_00324.png,493816813d2d,67.5355,8.9764,67.9581,6.1965422433874995,5.511411684705251
156,493816813d2d6d248eb3c2b0b77b63e54235266e9a06e270fd0d282f13960493/nerfstudio/images_4/frame_00193.png,493816813d2d6d248eb3c2b0b77b63e54235266e9a06e270fd0d282f13960493/nerfstudio/images_4/frame_00218.png,493816813d2d,68.5166,12.3711,69.7633,4.492308916254986,2.8135246266335927
157,d9b6376623741313bf6da6bf4cdb9828be614a2ce9390ceb3f31cd535d661a75/nerfstudio/images_4/frame_00113.png,d9b6376623741313bf6da6bf4cdb9828be614a2ce9390ceb3f31cd535d661a75/nerfstudio/images_4/frame_00388.png,d9b637662374,52.7133,4.9781,52.9276,2.2710580125295814,1.7827149184866427
158,d9b6376623741313bf6da6bf4cdb9828be614a2ce9390ceb3f31cd535d661a75/nerfstudio/images_4/frame_00225.png,d9b6376623741313bf6da6bf4cdb9828be614a2ce9390ceb3f31cd535d661a75/nerfstudio/images_4/frame_00288.png,d9b637662374,75.7973,24.0954,82.0602,27.87655647032582,134.27850924351517
159,1264931635e127fb905c8953cbc2deadd0c763e633af7fbd9405a61ca849710c/nerfstudio/images_4/frame_00158.png,1264931635e127fb905c8953cbc2deadd0c763e633af7fbd9405a61ca849710c/nerfstudio/images_4/frame_00343.png,1264931635e1,81.1653,5.9447,81.793,4.065844253820554,2.7428565086208585
160,0569e83fdc248a51fc0ab082ce5e2baff15755c53c207f545e6d02d91f01d166/nerfstudio/images_4/frame_00021.png,0569e83fdc248a51fc0ab082ce5e2baff15755c53c207f545e6d02d91f01d166/nerfstudio/images_4/frame_00113.png,0569e83fdc24,77.241,2.7216,77.3918,15.678274722521664,8.840299769078348
161,c37109a55effe0000f8e40652ca935376e75bcb2a0b56de8eabd20a26e2a0f68/nerfstudio/images_4/frame_00035.png,c37109a55effe0000f8e40652ca935376e75bcb2a0b56de8eabd20a26e2a0f68/nerfstudio/images_4/frame_00262.png,c37109a55eff,89.4195,11.7506,90.1653,31.22916735982985,0.6403936704879128
162,5c8dafad7d782c76ffad8c14e9e1244ce2b83aa12324c54a3cc10176964acf04/nerfstudio/images_4/frame_00108.png,5c8dafad7d782c76ffad8c14e9e1244ce2b83aa12324c54a3cc10176964acf04/nerfstudio/images_4/frame_00240.png,5c8dafad7d78,79.7665,2.8025,79.3953,0.5557153290060548,0.8081385315084972
163,c37109a55effe0000f8e40652ca935376e75bcb2a0b56de8eabd20a26e2a0f68/nerfstudio/images_4/frame_00012.png,c37109a55effe0000f8e40652ca935376e75bcb2a0b56de8eabd20a26e2a0f68/nerfstudio/images_4/frame_00042.png,c37109a55eff,64.7657,3.574,64.891,2.8919487281996026,0.9655955345314671
164,9c8c0e0fadd97abf60088f667eba058ef077a71a8c0f5a4eff2782aa97f1ceb8/nerfstudio/images_4/frame_00033.png,9c8c0e0fadd97abf60088f667eba058ef077a71a8c0f5a4eff2782aa97f1ceb8/nerfstudio/images_4/frame_00065.png,9c8c0e0fadd9,73.8556,1.8889,74.8437,3.2014175050246925,1.833718984361996
165,9c8c0e0fadd97abf60088f667eba058ef077a71a8c0f5a4eff2782aa97f1ceb8/nerfstudio/images_4/frame_00363.png,9c8c0e0fadd97abf60088f667eba058ef077a71a8c0f5a4eff2782aa97f1ceb8/nerfstudio/images_4/frame_00383.png,9c8c0e0fadd9,85.1622,2.2126,85.262,1.8319825173373772,1.460632385140508
166,493816813d2d6d248eb3c2b0b77b63e54235266e9a06e270fd0d282f13960493/nerfstudio/images_4/frame_00011.png,493816813d2d6d248eb3c2b0b77b63e54235266e9a06e270fd0d282f13960493/nerfstudio/images_4/frame_00038.png,493816813d2d,65.6959,1.0022,65.5933,1.304547894313415,3.9596644205015514
167,5c8dafad7d782c76ffad8c14e9e1244ce2b83aa12324c54a3cc10176964acf04/nerfstudio/images_4/frame_00179.png,5c8dafad7d782c76ffad8c14e9e1244ce2b83aa12324c54a3cc10176964acf04/nerfstudio/images_4/frame_00290.png,5c8dafad7d78,50.863,0.7375,51.0966,1.0055597609903903,1.0687773346722853
168,e78f8cebd2bd93d960bfaeac18fac0bb2524f15c44288903cd20b73e599e8a81/nerfstudio/images_4/frame_00180.png,e78f8cebd2bd93d960bfaeac18fac0bb2524f15c44288903cd20b73e599e8a81/nerfstudio/images_4/frame_00266.png,e78f8cebd2bd,64.7935,1.8251,64.6112,16.038409500147058,8.284688693108887
169,b3bf9079b442c681749f6bd95cfb0659c6d844f2228b2f4fa4b602a0e3627b9a/nerfstudio/images_4/frame_00142.png,b3bf9079b442c681749f6bd95cfb0659c6d844f2228b2f4fa4b602a0e3627b9a/nerfstudio/images_4/frame_00317.png,b3bf9079b442,69.7269,2.5834,73.05,13.523850107934182,10.349409169059584
170,073f5a9b983ced6fb28b23051260558b165f328a16b2d33fe20585b7ee4ad561/nerfstudio/images_4/frame_00129.png,073f5a9b983ced6fb28b23051260558b165f328a16b2d33fe20585b7ee4ad561/nerfstudio/images_4/frame_00166.png,073f5a9b983c,69.7613,1.9928,70.1697,16.746949994995255,8.359901577999977
171,f71ac346cd0fc4652a89afb37044887ec3907d37d01d1ceb0ad28e1a780d8e03/nerfstudio/images_4/frame_00165.png,f71ac346cd0fc4652a89afb37044887ec3907d37d01d1ceb0ad28e1a780d8e03/nerfstudio/images_4/frame_00285.png,f71ac346cd0f,73.797,3.549,73.6739,12.832464788553496,5.345982722505247
172,b3bf9079b442c681749f6bd95cfb0659c6d844f2228b2f4fa4b602a0e3627b9a/nerfstudio/images_4/frame_00004.png,b3bf9079b442c681749f6bd95cfb0659c6d844f2228b2f4fa4b602a0e3627b9a/nerfstudio/images_4/frame_00160.png,b3bf9079b442,66.5842,15.9927,73.1753,12.281854195184575,7.873723603486856
173,b3bf9079b442c681749f6bd95cfb0659c6d844f2228b2f4fa4b602a0e3627b9a/nerfstudio/images_4/frame_00023.png,b3bf9079b442c681749f6bd95cfb0659c6d844f2228b2f4fa4b602a0e3627b9a/nerfstudio/images_4/frame_00121.png,b3bf9079b442,64.9521,2.8363,66.8381,8.104652337176628,6.157168808183072
174,b3bf9079b442c681749f6bd95cfb0659c6d844f2228b2f4fa4b602a0e3627b9a/nerfstudio/images_4/frame_00031.png,b3bf9079b442c681749f6bd95cfb0659c6d844f2228b2f4fa4b602a0e3627b9a/nerfstudio/images_4/frame_00131.png,b3bf9079b442,69.085,2.1839,71.9287,10.598954437409542,2.477707876623579
175,b6d1134cb03c855d246f916beaa2d3d01290cf47937a5176011ff39b850ec615/nerfstudio/images_4/frame_00126.png,b6d1134cb03c855d246f916beaa2d3d01290cf47937a5176011ff39b850ec615/nerfstudio/images_4/frame_00299.png,b6d1134cb03c,75.2898,9.4749,76.3812,50.600565644020776,15.516091858475441
176,f71ac346cd0fc4652a89afb37044887ec3907d37d01d1ceb0ad28e1a780d8e03/nerfstudio/images_4/frame_00036.png,f71ac346cd0fc4652a89afb37044887ec3907d37d01d1ceb0ad28e1a780d8e03/nerfstudio/images_4/frame_00201.png,f71ac346cd0f,56.9438,7.4221,57.6696,12.947057641749696,7.950772273706632
177,1264931635e127fb905c8953cbc2deadd0c763e633af7fbd9405a61ca849710c/nerfstudio/images_4/frame_00199.png,1264931635e127fb905c8953cbc2deadd0c763e633af7fbd9405a61ca849710c/nerfstudio/images_4/frame_00321.png,1264931635e1,55.2733,5.2534,55.302,2.6281843193889403,0.07121576141916938
178,b6d1134cb03c855d246f916beaa2d3d01290cf47937a5176011ff39b850ec615/nerfstudio/images_4/frame_00132.png,b6d1134cb03c855d246f916beaa2d3d01290cf47937a5176011ff39b850ec615/nerfstudio/images_4/frame_00262.png,b6d1134cb03c,61.5666,16.4036,63.7204,63.720387212815666,180.0
179,d4fbeba0168af8fddb2fc695881787aedcd62f477c7dcec9ebca7b8594bbd95b/nerfstudio/images_4/frame_00154.png,d4fbeba0168af8fddb2fc695881787aedcd62f477c7dcec9ebca7b8594bbd95b/nerfstudio/images_4/frame_00272.png,d4fbeba0168a,51.5642,9.3231,53.3146,14.83934058345043,7.245193309079941
180,9641a1ed7963ce5ca734cff3e6ccea3dfa8bcb0b0a3ff78f65d32a080de2d71e/nerfstudio/images_4/frame_00119.png,9641a1ed7963ce5ca734cff3e6ccea3dfa8bcb0b0a3ff78f65d32a080de2d71e/nerfstudio/images_4/frame_00323.png,9641a1ed7963,88.4075,18.9575,92.4706,1.3627636335407338,1.136755033167844
181,dafa9c7cbda9d1ddaa8a2b51fc8c54f4eb44161f5e5c53685dc744580ca77751/nerfstudio/images_4/frame_00093.png,dafa9c7cbda9d1ddaa8a2b51fc8c54f4eb44161f5e5c53685dc744580ca77751/nerfstudio/images_4/frame_00225.png,dafa9c7cbda9,79.8619,17.742,81.9042,81.90415817086947,180.0
182,d9b6376623741313bf6da6bf4cdb9828be614a2ce9390ceb3f31cd535d661a75/nerfstudio/images_4/frame_00205.png,d9b6376623741313bf6da6bf4cdb9828be614a2ce9390ceb3f31cd535d661a75/nerfstudio/images_4/frame_00352.png,d9b637662374,50.3484,6.5205,49.6297,49.62966341738183,180.0
183,56452d9cd9e2e034764132a57058517ab085e1352f9664d2d1e10e98741334fc/nerfstudio/images_4/frame_00073.png,56452d9cd9e2e034764132a57058517ab085e1352f9664d2d1e10e98741334fc/nerfstudio/images_4/frame_00293.png,56452d9cd9e2,85.5116,4.0613,87.2706,1.1361325001805707,1.6990789762725846
184,b3bf9079b442c681749f6bd95cfb0659c6d844f2228b2f4fa4b602a0e3627b9a/nerfstudio/images_4/frame_00039.png,b3bf9079b442c681749f6bd95cfb0659c6d844f2228b2f4fa4b602a0e3627b9a/nerfstudio/images_4/frame_00137.png,b3bf9079b442,52.8957,5.828,58.4141,6.047282473394454,4.343360334902842
185,d9b6376623741313bf6da6bf4cdb9828be614a2ce9390ceb3f31cd535d661a75/nerfstudio/images_4/frame_00185.png,d9b6376623741313bf6da6bf4cdb9828be614a2ce9390ceb3f31cd535d661a75/nerfstudio/images_4/frame_00299.png,d9b637662374,50.8013,34.9682,61.1739,61.173913657906326,180.0
186,9c8c0e0fadd97abf60088f667eba058ef077a71a8c0f5a4eff2782aa97f1ceb8/nerfstudio/images_4/frame_00104.png,9c8c0e0fadd97abf60088f667eba058ef077a71a8c0f5a4eff2782aa97f1ceb8/nerfstudio/images_4/frame_00311.png,9c8c0e0fadd9,67.2444,9.3019,68.1729,3.8010001899268313,1.5899151006272028
187,c37109a55effe0000f8e40652ca935376e75bcb2a0b56de8eabd20a26e2a0f68/nerfstudio/images_4/frame_00255.png,c37109a55effe0000f8e40652ca935376e75bcb2a0b56de8eabd20a26e2a0f68/nerfstudio/images_4/frame_00291.png,c37109a55eff,64.0845,2.6503,64.2825,11.86199773179312,16.121388944807986
188,b6d1134cb03c855d246f916beaa2d3d01290cf47937a5176011ff39b850ec615/nerfstudio/images_4/frame_00118.png,b6d1134cb03c855d246f916beaa2d3d01290cf47937a5176011ff39b850ec615/nerfstudio/images_4/frame_00369.png,b6d1134cb03c,64.3046,18.016,68.28,5.038421185290141,3.5337517759724215
189,073f5a9b983ced6fb28b23051260558b165f328a16b2d33fe20585b7ee4ad561/nerfstudio/images_4/frame_00029.png,073f5a9b983ced6fb28b23051260558b165f328a16b2d33fe20585b7ee4ad561/nerfstudio/images_4/frame_00245.png,073f5a9b983c,52.5114,19.4465,55.9091,55.909112739167526,180.0
190,f71ac346cd0fc4652a89afb37044887ec3907d37d01d1ceb0ad28e1a780d8e03/nerfstudio/images_4/frame_00141.png,f71ac346cd0fc4652a89afb37044887ec3907d37d01d1ceb0ad28e1a780d8e03/nerfstudio/images_4/frame_00227.png,f71ac346cd0f,51.2036,1.0228,51.1437,15.65079676487236,7.035977496460762
191,b6d1134cb03c855d246f916beaa2d3d01290cf47937a5176011ff39b850ec615/nerfstudio/images_4/frame_00129.png,b6d1134cb03c855d246f916beaa2d3d01290cf47937a5176011ff39b850ec615/nerfstudio/images_4/frame_00334.png,b6d1134cb03c,73.8503,19.8326,77.0151,9.600981048674992,0.41287752273265627
192,9641a1ed7963ce5ca734cff3e6ccea3dfa8bcb0b0a3ff78f65d32a080de2d71e/nerfstudio/images_4/frame_00226.png,9641a1ed7963ce5ca734cff3e6ccea3dfa8bcb0b0a3ff78f65d32a080de2d71e/nerfstudio/images_4/frame_00288.png,9641a1ed7963,73.8834,2.213,72.1168,1.9096103131230688,1.9581696589901614
193,d4fbeba0168af8fddb2fc695881787aedcd62f477c7dcec9ebca7b8594bbd95b/nerfstudio/images_4/frame_00219.png,d4fbeba0168af8fddb2fc695881787aedcd62f477c7dcec9ebca7b8594bbd95b/nerfstudio/images_4/frame_00280.png,d4fbeba0168a,50.7007,0.0076,51.1905,15.851282819546642,5.038409125190484
194,f71ac346cd0fc4652a89afb37044887ec3907d37d01d1ceb0ad28e1a780d8e03/nerfstudio/images_4/frame_00004.png,f71ac346cd0fc4652a89afb37044887ec3907d37d01d1ceb0ad28e1a780d8e03/nerfstudio/images_4/frame_00163.png,f71ac346cd0f,80.0388,5.7436,80.1113,15.674376232671657,9.88817396348049
195,15ff83e2531668d27c92091c97d31401ce323e24ee7c844cb32d5109ab9335f7/nerfstudio/images_4/frame_00145.png,15ff83e2531668d27c92091c97d31401ce323e24ee7c844cb32d5109ab9335f7/nerfstudio/images_4/frame_00227.png,15ff83e25316,89.9345,3.1394,90.0408,3.408127215762887,3.3875922534151126
196,56452d9cd9e2e034764132a57058517ab085e1352f9664d2d1e10e98741334fc/nerfstudio/images_4/frame_00031.png,56452d9cd9e2e034764132a57058517ab085e1352f9664d2d1e10e98741334fc/nerfstudio/images_4/frame_00279.png,56452d9cd9e2,83.5893,14.7114,89.4941,4.670773553027717,3.1744620737590497
197,1264931635e127fb905c8953cbc2deadd0c763e633af7fbd9405a61ca849710c/nerfstudio/images_4/frame_00004.png,1264931635e127fb905c8953cbc2deadd0c763e633af7fbd9405a61ca849710c/nerfstudio/images_4/frame_00217.png,1264931635e1,65.538,7.8927,66.0489,10.452409736090793,9.171287947050878
198,d9b6376623741313bf6da6bf4cdb9828be614a2ce9390ceb3f31cd535d661a75/nerfstudio/images_4/frame_00012.png,d9b6376623741313bf6da6bf4cdb9828be614a2ce9390ceb3f31cd535d661a75/nerfstudio/images_4/frame_00041.png,d9b637662374,70.5287,0.4395,70.5435,10.234512615353315,6.248166469521825
199,56452d9cd9e2e034764132a57058517ab085e1352f9664d2d1e10e98741334fc/nerfstudio/images_4/frame_00084.png,56452d9cd9e2e034764132a57058517ab085e1352f9664d2d1e10e98741334fc/nerfstudio/images_4/frame_00276.png,56452d9cd9e2,72.4487,0.8702,74.0689,2.413516419948452,1.5849055087412218
200,f71ac346cd0fc4652a89afb37044887ec3907d37d01d1ceb0ad28e1a780d8e03/nerfstudio/images_4/frame_00122.png,f71ac346cd0fc4652a89afb37044887ec3907d37d01d1ceb0ad28e1a780d8e03/nerfstudio/images_4/frame_00256.png,f71ac346cd0f,66.916,8.8878,67.4333,16.17924273341916,8.470647430056067
201,c37109a55effe0000f8e40652ca935376e75bcb2a0b56de8eabd20a26e2a0f68/nerfstudio/images_4/frame_00122.png,c37109a55effe0000f8e40652ca935376e75bcb2a0b56de8eabd20a26e2a0f68/nerfstudio/images_4/frame_00333.png,c37109a55eff,89.8352,14.1806,90.5601,13.265472672765696,6.397074548470251
202,073f5a9b983ced6fb28b23051260558b165f328a16b2d33fe20585b7ee4ad561/nerfstudio/images_4/frame_00023.png,073f5a9b983ced6fb28b23051260558b165f328a16b2d33fe20585b7ee4ad561/nerfstudio/images_4/frame_00392.png,073f5a9b983c,58.4744,13.2029,59.9642,59.96422288234451,180.0
203,d9b6376623741313bf6da6bf4cdb9828be614a2ce9390ceb3f31cd535d661a75/nerfstudio/images_4/frame_00017.png,d9b6376623741313bf6da6bf4cdb9828be614a2ce9390ceb3f31cd535d661a75/nerfstudio/images_4/frame_00044.png,d9b637662374,70.6427,1.6925,70.8476,11.099111524945362,5.551984093033154
204,9641a1ed7963ce5ca734cff3e6ccea3dfa8bcb0b0a3ff78f65d32a080de2d71e/nerfstudio/images_4/frame_00078.png,9641a1ed7963ce5ca734cff3e6ccea3dfa8bcb0b0a3ff78f65d32a080de2d71e/nerfstudio/images_4/frame_00149.png,9641a1ed7963,67.784,15.5318,70.0853,3.438882726556844,5.905409970777432
205,56452d9cd9e2e034764132a57058517ab085e1352f9664d2d1e10e98741334fc/nerfstudio/images_4/frame_00078.png,56452d9cd9e2e034764132a57058517ab085e1352f9664d2d1e10e98741334fc/nerfstudio/images_4/frame_00234.png,56452d9cd9e2,64.0582,2.7215,66.2332,6.756773709731376,4.521686477680113
206,e78f8cebd2bd93d960bfaeac18fac0bb2524f15c44288903cd20b73e599e8a81/nerfstudio/images_4/frame_00184.png,e78f8cebd2bd93d960bfaeac18fac0bb2524f15c44288903cd20b73e599e8a81/nerfstudio/images_4/frame_00242.png,e78f8cebd2bd,51.7188,2.4459,51.4666,16.319361573120407,8.629744550828427
207,d9b6376623741313bf6da6bf4cdb9828be614a2ce9390ceb3f31cd535d661a75/nerfstudio/images_4/frame_00367.png,d9b6376623741313bf6da6bf4cdb9828be614a2ce9390ceb3f31cd535d661a75/nerfstudio/images_4/frame_00400.png,d9b637662374,81.3558,1.7917,82.3524,11.741276450409401,5.022541922840893
208,073f5a9b983ced6fb28b23051260558b165f328a16b2d33fe20585b7ee4ad561/nerfstudio/images_4/frame_00315.png,073f5a9b983ced6fb28b23051260558b165f328a16b2d33fe20585b7ee4ad561/nerfstudio/images_4/frame_00371.png,073f5a9b983c,72.3018,12.5767,73.3933,73.39333810465828,180.0
209,073f5a9b983ced6fb28b23051260558b165f328a16b2d33fe20585b7ee4ad561/nerfstudio/images_4/frame_00200.png,073f5a9b983ced6fb28b23051260558b165f328a16b2d33fe20585b7ee4ad561/nerfstudio/images_4/frame_00357.png,073f5a9b983c,51.3296,5.5623,51.598,12.9312674206427,16.22295778509177
210,56452d9cd9e2e034764132a57058517ab085e1352f9664d2d1e10e98741334fc/nerfstudio/images_4/frame_00089.png,56452d9cd9e2e034764132a57058517ab085e1352f9664d2d1e10e98741334fc/nerfstudio/images_4/frame_00225.png,56452d9cd9e2,63.6434,5.6672,65.8851,8.912156362003712,6.051474382300848
211,d9b6376623741313bf6da6bf4cdb9828be614a2ce9390ceb3f31cd535d661a75/nerfstudio/images_4/frame_00126.png,d9b6376623741313bf6da6bf4cdb9828be614a2ce9390ceb3f31cd535d661a75/nerfstudio/images_4/frame_00407.png,d9b637662374,51.687,6.5448,52.6367,3.1656761554868647,1.5280071723525563
212,073f5a9b983ced6fb28b23051260558b165f328a16b2d33fe20585b7ee4ad561/nerfstudio/images_4/frame_00178.png,073f5a9b983ced6fb28b23051260558b165f328a16b2d33fe20585b7ee4ad561/nerfstudio/images_4/frame_00200.png,073f5a9b983c,62.6843,2.5797,63.1381,11.880891397709835,2.7018425685524083
213,5c8dafad7d782c76ffad8c14e9e1244ce2b83aa12324c54a3cc10176964acf04/nerfstudio/images_4/frame_00099.png,5c8dafad7d782c76ffad8c14e9e1244ce2b83aa12324c54a3cc10176964acf04/nerfstudio/images_4/frame_00205.png,5c8dafad7d78,88.1856,6.2142,88.0802,0.49596442424203685,1.0047129878112888
214,2beaca318994c25409dcbb6d0bdd96c3620f2f18aec44ea3f20edd302f18ca78/nerfstudio/images_4/frame_00003.png,2beaca318994c25409dcbb6d0bdd96c3620f2f18aec44ea3f20edd302f18ca78/nerfstudio/images_4/frame_00092.png,2beaca318994,85.7721,0.7169,88.5495,2.028583169660665,2.768680507966857
215,cc08c0bdc34ddd2867705d0b17a86ec2a9d7c7926ce99070ed1fdc66a812de07/nerfstudio/images_4/frame_00154.png,cc08c0bdc34ddd2867705d0b17a86ec2a9d7c7926ce99070ed1fdc66a812de07/nerfstudio/images_4/frame_00297.png,cc08c0bdc34d,67.9869,5.6203,69.2661,10.11561225769101,6.093677607589367
216,c37109a55effe0000f8e40652ca935376e75bcb2a0b56de8eabd20a26e2a0f68/nerfstudio/images_4/frame_00118.png,c37109a55effe0000f8e40652ca935376e75bcb2a0b56de8eabd20a26e2a0f68/nerfstudio/images_4/frame_00159.png,c37109a55eff,88.6419,1.9656,88.5153,23.473168669349217,18.259386629079124
217,c37109a55effe0000f8e40652ca935376e75bcb2a0b56de8eabd20a26e2a0f68/nerfstudio/images_4/frame_00044.png,c37109a55effe0000f8e40652ca935376e75bcb2a0b56de8eabd20a26e2a0f68/nerfstudio/images_4/frame_00261.png,c37109a55eff,65.9438,10.6557,66.7494,4.866411288445934,2.0280243818661132
218,cc08c0bdc34ddd2867705d0b17a86ec2a9d7c7926ce99070ed1fdc66a812de07/nerfstudio/images_4/frame_00192.png,cc08c0bdc34ddd2867705d0b17a86ec2a9d7c7926ce99070ed1fdc66a812de07/nerfstudio/images_4/frame_00300.png,cc08c0bdc34d,50.7364,5.9856,51.3403,9.890698887617033,3.929843811275721
219,d9b6376623741313bf6da6bf4cdb9828be614a2ce9390ceb3f31cd535d661a75/nerfstudio/images_4/frame_00048.png,d9b6376623741313bf6da6bf4cdb9828be614a2ce9390ceb3f31cd535d661a75/nerfstudio/images_4/frame_00371.png,d9b637662374,76.622,29.9785,83.5409,83.54091565141175,180.0
220,56452d9cd9e2e034764132a57058517ab085e1352f9664d2d1e10e98741334fc/nerfstudio/images_4/frame_00092.png,56452d9cd9e2e034764132a57058517ab085e1352f9664d2d1e10e98741334fc/nerfstudio/images_4/frame_00227.png,56452d9cd9e2,61.3654,5.4543,63.2981,6.8498418261532095,3.2944694751536057
221,f71ac346cd0fc4652a89afb37044887ec3907d37d01d1ceb0ad28e1a780d8e03/nerfstudio/images_4/frame_00029.png,f71ac346cd0fc4652a89afb37044887ec3907d37d01d1ceb0ad28e1a780d8e03/nerfstudio/images_4/frame_00119.png,f71ac346cd0f,83.3311,1.447,83.73,15.25094856618625,9.87106252510869
222,15ff83e2531668d27c92091c97d31401ce323e24ee7c844cb32d5109ab9335f7/nerfstudio/images_4/frame_00087.png,15ff83e2531668d27c92091c97d31401ce323e24ee7c844cb32d5109ab9335f7/nerfstudio/images_4/frame_00244.png,15ff83e25316,62.3595,1.712,62.4606,3.431179037420532,6.4494458349577535
223,b6d1134cb03c855d246f916beaa2d3d01290cf47937a5176011ff39b850ec615/nerfstudio/images_4/frame_00083.png,b6d1134cb03c855d246f916beaa2d3d01290cf47937a5176011ff39b850ec615/nerfstudio/images_4/frame_00360.png,b6d1134cb03c,51.1264,8.3283,52.4399,2.944688132626465,6.306990032776032
224,15ff83e2531668d27c92091c97d31401ce323e24ee7c844cb32d5109ab9335f7/nerfstudio/images_4/frame_00161.png,15ff83e2531668d27c92091c97d31401ce323e24ee7c844cb32d5109ab9335f7/nerfstudio/images_4/frame_00185.png,15ff83e25316,83.4481,2.5902,83.41,2.336260378340804,2.548763561883004
225,b6d1134cb03c855d246f916beaa2d3d01290cf47937a5176011ff39b850ec615/nerfstudio/images_4/frame_00169.png,b6d1134cb03c855d246f916beaa2d3d01290cf47937a5176011ff39b850ec615/nerfstudio/images_4/frame_00215.png,b6d1134cb03c,52.9357,3.0938,53.5889,4.988931861838092,1.690891275513356
226,9c8c0e0fadd97abf60088f667eba058ef077a71a8c0f5a4eff2782aa97f1ceb8/nerfstudio/images_4/frame_00280.png,9c8c0e0fadd97abf60088f667eba058ef077a71a8c0f5a4eff2782aa97f1ceb8/nerfstudio/images_4/frame_00389.png,9c8c0e0fadd9,85.6881,11.3073,86.5675,6.357765960589209,1.841342131861435
227,d9b6376623741313bf6da6bf4cdb9828be614a2ce9390ceb3f31cd535d661a75/nerfstudio/images_4/frame_00375.png,d9b6376623741313bf6da6bf4cdb9828be614a2ce9390ceb3f31cd535d661a75/nerfstudio/images_4/frame_00394.png,d9b637662374,73.9345,22.102,82.4398,82.4398221208683,180.0
228,9c8c0e0fadd97abf60088f667eba058ef077a71a8c0f5a4eff2782aa97f1ceb8/nerfstudio/images_4/frame_00051.png,9c8c0e0fadd97abf60088f667eba058ef077a71a8c0f5a4eff2782aa97f1ceb8/nerfstudio/images_4/frame_00178.png,9c8c0e0fadd9,52.4419,14.5431,54.5959,1.5629256353753884,0.9426265491551739
229,c37109a55effe0000f8e40652ca935376e75bcb2a0b56de8eabd20a26e2a0f68/nerfstudio/images_4/frame_00126.png,c37109a55effe0000f8e40652ca935376e75bcb2a0b56de8eabd20a26e2a0f68/nerfstudio/images_4/frame_00338.png,c37109a55eff,86.9274,12.4833,87.5664,41.94850536496388,6.547033323827746
230,56452d9cd9e2e034764132a57058517ab085e1352f9664d2d1e10e98741334fc/nerfstudio/images_4/frame_00010.png,56452d9cd9e2e034764132a57058517ab085e1352f9664d2d1e10e98741334fc/nerfstudio/images_4/frame_00287.png,56452d9cd9e2,70.3455,2.3752,72.2177,72.21765886852722,180.0
231,493816813d2d6d248eb3c2b0b77b63e54235266e9a06e270fd0d282f13960493/nerfstudio/images_4/frame_00295.png,493816813d2d6d248eb3c2b0b77b63e54235266e9a06e270fd0d282f13960493/nerfstudio/images_4/frame_00330.png,493816813d2d,83.8914,8.2226,84.4407,4.523823251793833,5.6832722520393535
232,9c8c0e0fadd97abf60088f667eba058ef077a71a8c0f5a4eff2782aa97f1ceb8/nerfstudio/images_4/frame_00097.png,9c8c0e0fadd97abf60088f667eba058ef077a71a8c0f5a4eff2782aa97f1ceb8/nerfstudio/images_4/frame_00208.png,9c8c0e0fadd9,58.0583,15.828,60.2081,5.038071562328705,3.0517446095183387
233,0569e83fdc248a51fc0ab082ce5e2baff15755c53c207f545e6d02d91f01d166/nerfstudio/images_4/frame_00150.png,0569e83fdc248a51fc0ab082ce5e2baff15755c53c207f545e6d02d91f01d166/nerfstudio/images_4/frame_00265.png,0569e83fdc24,77.3363,0.4472,77.3377,77.33770820661464,180.0
234,15ff83e2531668d27c92091c97d31401ce323e24ee7c844cb32d5109ab9335f7/nerfstudio/images_4/frame_00083.png,15ff83e2531668d27c92091c97d31401ce323e24ee7c844cb32d5109ab9335f7/nerfstudio/images_4/frame_00115.png,15ff83e25316,76.8287,0.8753,77.1146,3.623645851263642,4.896318423109951
235,d4fbeba0168af8fddb2fc695881787aedcd62f477c7dcec9ebca7b8594bbd95b/nerfstudio/images_4/frame_00069.png,d4fbeba0168af8fddb2fc695881787aedcd62f477c7dcec9ebca7b8594bbd95b/nerfstudio/images_4/frame_00308.png,d4fbeba0168a,64.8508,15.9731,66.5246,66.52461126034447,180.0
236,9641a1ed7963ce5ca734cff3e6ccea3dfa8bcb0b0a3ff78f65d32a080de2d71e/nerfstudio/images_4/frame_00040.png,9641a1ed7963ce5ca734cff3e6ccea3dfa8bcb0b0a3ff78f65d32a080de2d71e/nerfstudio/images_4/frame_00119.png,9641a1ed7963,62.6125,12.6851,64.4979,1.9979610413552065,0.5121970166568051
237,9c8c0e0fadd97abf60088f667eba058ef077a71a8c0f5a4eff2782aa97f1ceb8/nerfstudio/images_4/frame_00021.png,9c8c0e0fadd97abf60088f667eba058ef077a71a8c0f5a4eff2782aa97f1ceb8/nerfstudio/images_4/frame_00390.png,9c8c0e0fadd9,80.9611,3.0309,80.7787,2.5482375698570263,2.0869728918883887
238,5c8dafad7d782c76ffad8c14e9e1244ce2b83aa12324c54a3cc10176964acf04/nerfstudio/images_4/frame_00240.png,5c8dafad7d782c76ffad8c14e9e1244ce2b83aa12324c54a3cc10176964acf04/nerfstudio/images_4/frame_00302.png,5c8dafad7d78,81.2487,6.9722,81.323,0.8301103228428152,1.558646915905149
239,0569e83fdc248a51fc0ab082ce5e2baff15755c53c207f545e6d02d91f01d166/nerfstudio/images_4/frame_00047.png,0569e83fdc248a51fc0ab082ce5e2baff15755c53c207f545e6d02d91f01d166/nerfstudio/images_4/frame_00161.png,0569e83fdc24,50.1645,24.6013,55.792,16.20880651981097,13.414792461272292
240,d9b6376623741313bf6da6bf4cdb9828be614a2ce9390ceb3f31cd535d661a75/nerfstudio/images_4/frame_00238.png,d9b6376623741313bf6da6bf4cdb9828be614a2ce9390ceb3f31cd535d661a75/nerfstudio/images_4/frame_00345.png,d9b637662374,50.6761,21.5875,54.1626,162.93494521962353,62.06777042938378
241,9c8c0e0fadd97abf60088f667eba058ef077a71a8c0f5a4eff2782aa97f1ceb8/nerfstudio/images_4/frame_00069.png,9c8c0e0fadd97abf60088f667eba058ef077a71a8c0f5a4eff2782aa97f1ceb8/nerfstudio/images_4/frame_00282.png,9c8c0e0fadd9,84.7367,0.4848,84.4066,2.8209745727636704,2.833925005414088
242,493816813d2d6d248eb3c2b0b77b63e54235266e9a06e270fd0d282f13960493/nerfstudio/images_4/frame_00142.png,493816813d2d6d248eb3c2b0b77b63e54235266e9a06e270fd0d282f13960493/nerfstudio/images_4/frame_00295.png,493816813d2d,57.4932,15.9494,59.4573,7.340573644169811,5.700621293252586
243,d9b6376623741313bf6da6bf4cdb9828be614a2ce9390ceb3f31cd535d661a75/nerfstudio/images_4/frame_00017.png,d9b6376623741313bf6da6bf4cdb9828be614a2ce9390ceb3f31cd535d661a75/nerfstudio/images_4/frame_00050.png,d9b637662374,79.5309,5.3998,79.8455,11.496192149070753,4.038369195816258
244,9641a1ed7963ce5ca734cff3e6ccea3dfa8bcb0b0a3ff78f65d32a080de2d71e/nerfstudio/images_4/frame_00231.png,9641a1ed7963ce5ca734cff3e6ccea3dfa8bcb0b0a3ff78f65d32a080de2d71e/nerfstudio/images_4/frame_00283.png,9641a1ed7963,68.2852,1.2747,66.7154,1.3598861654759347,5.05608961098242
245,c37109a55effe0000f8e40652ca935376e75bcb2a0b56de8eabd20a26e2a0f68/nerfstudio/images_4/frame_00039.png,c37109a55effe0000f8e40652ca935376e75bcb2a0b56de8eabd20a26e2a0f68/nerfstudio/images_4/frame_00208.png,c37109a55eff,50.2543,7.2602,50.9305,4.316330413783341,4.0625186344512745
246,9c8c0e0fadd97abf60088f667eba058ef077a71a8c0f5a4eff2782aa97f1ceb8/nerfstudio/images_4/frame_00018.png,9c8c0e0fadd97abf60088f667eba058ef077a71a8c0f5a4eff2782aa97f1ceb8/nerfstudio/images_4/frame_00156.png,9c8c0e0fadd9,66.6053,17.3103,70.9194,6.976740361363957,2.2212332108959916
247,f71ac346cd0fc4652a89afb37044887ec3907d37d01d1ceb0ad28e1a780d8e03/nerfstudio/images_4/frame_00011.png,f71ac346cd0fc4652a89afb37044887ec3907d37d01d1ceb0ad28e1a780d8e03/nerfstudio/images_4/frame_00187.png,f71ac346cd0f,63.7877,5.5047,64.3163,9.418946915897388,5.852092288814622
248,e78f8cebd2bd93d960bfaeac18fac0bb2524f15c44288903cd20b73e599e8a81/nerfstudio/images_4/frame_00041.png,e78f8cebd2bd93d960bfaeac18fac0bb2524f15c44288903cd20b73e599e8a81/nerfstudio/images_4/frame_00099.png,e78f8cebd2bd,86.4487,5.5968,88.0701,15.495036555159531,5.542287309881205
249,9641a1ed7963ce5ca734cff3e6ccea3dfa8bcb0b0a3ff78f65d32a080de2d71e/nerfstudio/images_4/frame_00046.png,9641a1ed7963ce5ca734cff3e6ccea3dfa8bcb0b0a3ff78f65d32a080de2d71e/nerfstudio/images_4/frame_00288.png,9641a1ed7963,76.6477,18.0264,82.9336,2.8606558720029236,2.753171030919373
250,9c8c0e0fadd97abf60088f667eba058ef077a71a8c0f5a4eff2782aa97f1ceb8/nerfstudio/images_4/frame_00179.png,9c8c0e0fadd97abf60088f667eba058ef077a71a8c0f5a4eff2782aa97f1ceb8/nerfstudio/images_4/frame_00258.png,9c8c0e0fadd9,62.111,11.4524,60.8621,1.4115897233838102,1.0283380175644696
251,9641a1ed7963ce5ca734cff3e6ccea3dfa8bcb0b0a3ff78f65d32a080de2d71e/nerfstudio/images_4/frame_00232.png,9641a1ed7963ce5ca734cff3e6ccea3dfa8bcb0b0a3ff78f65d32a080de2d71e/nerfstudio/images_4/frame_00278.png,9641a1ed7963,67.7859,4.9648,67.7459,2.4263544029875064,5.32070884157909
252,d9b6376623741313bf6da6bf4cdb9828be614a2ce9390ceb3f31cd535d661a75/nerfstudio/images_4/frame_00076.png,d9b6376623741313bf6da6bf4cdb9828be614a2ce9390ceb3f31cd535d661a75/nerfstudio/images_4/frame_00135.png,d9b637662374,52.6328,6.5297,53.5876,9.277930270057299,5.698352693340427
253,0569e83fdc248a51fc0ab082ce5e2baff15755c53c207f545e6d02d91f01d166/nerfstudio/images_4/frame_00011.png,0569e83fdc248a51fc0ab082ce5e2baff15755c53c207f545e6d02d91f01d166/nerfstudio/images_4/frame_00124.png,0569e83fdc24,84.4057,7.8837,84.4846,19.15206452680728,11.953503510845447
254,073f5a9b983ced6fb28b23051260558b165f328a16b2d33fe20585b7ee4ad561/nerfstudio/images_4/frame_00011.png,073f5a9b983ced6fb28b23051260558b165f328a16b2d33fe20585b7ee4ad561/nerfstudio/images_4/frame_00377.png,073f5a9b983c,61.2252,13.4063,62.4876,62.487601496012566,180.0
255,9c8c0e0fadd97abf60088f667eba058ef077a71a8c0f5a4eff2782aa97f1ceb8/nerfstudio/images_4/frame_00181.png,9c8c0e0fadd97abf60088f667eba058ef077a71a8c0f5a4eff2782aa97f1ceb8/nerfstudio/images_4/frame_00369.png,9c8c0e0fadd9,63.2131,27.3481,68.1972,17.36238327670645,4.148908026189488
256,f71ac346cd0fc4652a89afb37044887ec3907d37d01d1ceb0ad28e1a780d8e03/nerfstudio/images_4/frame_00169.png,f71ac346cd0fc4652a89afb37044887ec3907d37d01d1ceb0ad28e1a780d8e03/nerfstudio/images_4/frame_00247.png,f71ac346cd0f,60.1346,1.9693,59.9824,14.445942974526577,7.197469740264182
257,9641a1ed7963ce5ca734cff3e6ccea3dfa8bcb0b0a3ff78f65d32a080de2d71e/nerfstudio/images_4/frame_00122.png,9641a1ed7963ce5ca734cff3e6ccea3dfa8bcb0b0a3ff78f65d32a080de2d71e/nerfstudio/images_4/frame_00356.png,9641a1ed7963,82.8391,6.6257,85.305,1.9218397112639325,4.1396658804998125
258,2beaca318994c25409dcbb6d0bdd96c3620f2f18aec44ea3f20edd302f18ca78/nerfstudio/images_4/frame_00007.png,2beaca318994c25409dcbb6d0bdd96c3620f2f18aec44ea3f20edd302f18ca78/nerfstudio/images_4/frame_00321.png,2beaca318994,58.9243,8.2106,60.8821,2.867738170112087,1.520870165081692
259,b6d1134cb03c855d246f916beaa2d3d01290cf47937a5176011ff39b850ec615/nerfstudio/images_4/frame_00018.png,b6d1134cb03c855d246f916beaa2d3d01290cf47937a5176011ff39b850ec615/nerfstudio/images_4/frame_00061.png,b6d1134cb03c,50.1016,4.0385,52.7155,1.6891125091270924,4.062287535223045
260,15ff83e2531668d27c92091c97d31401ce323e24ee7c844cb32d5109ab9335f7/nerfstudio/images_4/frame_00086.png,15ff83e2531668d27c92091c97d31401ce323e24ee7c844cb32d5109ab9335f7/nerfstudio/images_4/frame_00349.png,15ff83e25316,62.6604,2.1811,62.8723,3.541093316800157,11.941574743863482
261,15ff83e2531668d27c92091c97d31401ce323e24ee7c844cb32d5109ab9335f7/nerfstudio/images_4/frame_00186.png,15ff83e2531668d27c92091c97d31401ce323e24ee7c844cb32d5109ab9335f7/nerfstudio/images_4/frame_00212.png,15ff83e25316,80.5192,1.6586,80.3491,6.725141265999355,1.8385078701425714
262,e78f8cebd2bd93d960bfaeac18fac0bb2524f15c44288903cd20b73e599e8a81/nerfstudio/images_4/frame_00075.png,e78f8cebd2bd93d960bfaeac18fac0bb2524f15c44288903cd20b73e599e8a81/nerfstudio/images_4/frame_00262.png,e78f8cebd2bd,55.605,9.6736,56.341,13.447650907002991,6.953486971761218
263,5c8dafad7d782c76ffad8c14e9e1244ce2b83aa12324c54a3cc10176964acf04/nerfstudio/images_4/frame_00018.png,5c8dafad7d782c76ffad8c14e9e1244ce2b83aa12324c54a3cc10176964acf04/nerfstudio/images_4/frame_00107.png,5c8dafad7d78,74.2247,3.7113,74.3136,0.5792304676598559,0.1376276897993998
264,cc08c0bdc34ddd2867705d0b17a86ec2a9d7c7926ce99070ed1fdc66a812de07/nerfstudio/images_4/frame_00052.png,cc08c0bdc34ddd2867705d0b17a86ec2a9d7c7926ce99070ed1fdc66a812de07/nerfstudio/images_4/frame_00164.png,cc08c0bdc34d,64.5359,0.8027,65.9251,9.086278306041407,2.7736312532523364
265,f71ac346cd0fc4652a89afb37044887ec3907d37d01d1ceb0ad28e1a780d8e03/nerfstudio/images_4/frame_00176.png,f71ac346cd0fc4652a89afb37044887ec3907d37d01d1ceb0ad28e1a780d8e03/nerfstudio/images_4/frame_00302.png,f71ac346cd0f,59.9164,2.2385,59.8113,13.053473196132277,6.030104717742596
266,0569e83fdc248a51fc0ab082ce5e2baff15755c53c207f545e6d02d91f01d166/nerfstudio/images_4/frame_00002.png,0569e83fdc248a51fc0ab082ce5e2baff15755c53c207f545e6d02d91f01d166/nerfstudio/images_4/frame_00159.png,0569e83fdc24,84.6434,10.2853,85.0749,11.151164375947548,8.717120735138197
267,56452d9cd9e2e034764132a57058517ab085e1352f9664d2d1e10e98741334fc/nerfstudio/images_4/frame_00023.png,56452d9cd9e2e034764132a57058517ab085e1352f9664d2d1e10e98741334fc/nerfstudio/images_4/frame_00227.png,56452d9cd9e2,71.5353,5.2411,76.6326,5.509488217221079,6.457615322210385
268,9c8c0e0fadd97abf60088f667eba058ef077a71a8c0f5a4eff2782aa97f1ceb8/nerfstudio/images_4/frame_00069.png,9c8c0e0fadd97abf60088f667eba058ef077a71a8c0f5a4eff2782aa97f1ceb8/nerfstudio/images_4/frame_00277.png,9c8c0e0fadd9,56.4049,0.5293,56.0476,2.6911691257879546,1.15604064329368
269,15ff83e2531668d27c92091c97d31401ce323e24ee7c844cb32d5109ab9335f7/nerfstudio/images_4/frame_00013.png,15ff83e2531668d27c92091c97d31401ce323e24ee7c844cb32d5109ab9335f7/nerfstudio/images_4/frame_00104.png,15ff83e25316,61.9645,11.932,62.9264,2.8600275224887355,1.493685565027553
270,56452d9cd9e2e034764132a57058517ab085e1352f9664d2d1e10e98741334fc/nerfstudio/images_4/frame_00063.png,56452d9cd9e2e034764132a57058517ab085e1352f9664d2d1e10e98741334fc/nerfstudio/images_4/frame_00201.png,56452d9cd9e2,57.7115,5.4747,63.1938,3.2129980737019777,1.8785411931683902
271,0569e83fdc248a51fc0ab082ce5e2baff15755c53c207f545e6d02d91f01d166/nerfstudio/images_4/frame_00030.png,0569e83fdc248a51fc0ab082ce5e2baff15755c53c207f545e6d02d91f01d166/nerfstudio/images_4/frame_00191.png,0569e83fdc24,51.6693,11.7299,53.0618,10.688301173276354,5.549559038273764
272,cd9c981eeb4a9091547af19181b382698e9d9eee0a838c7c9783a8a268af6aee/nerfstudio/images_4/frame_00172.png,cd9c981eeb4a9091547af19181b382698e9d9eee0a838c7c9783a8a268af6aee/nerfstudio/images_4/frame_00303.png,cd9c981eeb4a,59.8355,8.456,60.2694,8.923425665593737,3.674747417757433
273,cc08c0bdc34ddd2867705d0b17a86ec2a9d7c7926ce99070ed1fdc66a812de07/nerfstudio/images_4/frame_00048.png,cc08c0bdc34ddd2867705d0b17a86ec2a9d7c7926ce99070ed1fdc66a812de07/nerfstudio/images_4/frame_00147.png,cc08c0bdc34d,65.6096,0.5552,66.9615,12.350674214955548,7.534534344895691
274,1264931635e127fb905c8953cbc2deadd0c763e633af7fbd9405a61ca849710c/nerfstudio/images_4/frame_00017.png,1264931635e127fb905c8953cbc2deadd0c763e633af7fbd9405a61ca849710c/nerfstudio/images_4/frame_00313.png,1264931635e1,56.417,5.8399,56.5482,4.7143759140180626,4.783202851884635
275,56452d9cd9e2e034764132a57058517ab085e1352f9664d2d1e10e98741334fc/nerfstudio/images_4/frame_00068.png,56452d9cd9e2e034764132a57058517ab085e1352f9664d2d1e10e98741334fc/nerfstudio/images_4/frame_00312.png,56452d9cd9e2,85.5001,0.3356,88.7207,6.143261836220248,1.5984319877361406
276,d9b6376623741313bf6da6bf4cdb9828be614a2ce9390ceb3f31cd535d661a75/nerfstudio/images_4/frame_00127.png,d9b6376623741313bf6da6bf4cdb9828be614a2ce9390ceb3f31cd535d661a75/nerfstudio/images_4/frame_00172.png,d9b637662374,71.8811,6.7649,71.9098,11.06778006634708,6.519727546689756
277,c37109a55effe0000f8e40652ca935376e75bcb2a0b56de8eabd20a26e2a0f68/nerfstudio/images_4/frame_00042.png,c37109a55effe0000f8e40652ca935376e75bcb2a0b56de8eabd20a26e2a0f68/nerfstudio/images_4/frame_00264.png,c37109a55eff,74.4595,11.8271,75.3068,22.91460811727077,13.144185086719473
278,f71ac346cd0fc4652a89afb37044887ec3907d37d01d1ceb0ad28e1a780d8e03/nerfstudio/images_4/frame_00041.png,f71ac346cd0fc4652a89afb37044887ec3907d37d01d1ceb0ad28e1a780d8e03/nerfstudio/images_4/frame_00125.png,f71ac346cd0f,83.7735,1.5309,83.8949,12.219866723330501,9.671692259550843
279,56452d9cd9e2e034764132a57058517ab085e1352f9664d2d1e10e98741334fc/nerfstudio/images_4/frame_00043.png,56452d9cd9e2e034764132a57058517ab085e1352f9664d2d1e10e98741334fc/nerfstudio/images_4/frame_00237.png,56452d9cd9e2,68.6028,16.5202,74.9266,1.8862788475249024,1.1527533368110137
280,d9b6376623741313bf6da6bf4cdb9828be614a2ce9390ceb3f31cd535d661a75/nerfstudio/images_4/frame_00358.png,d9b6376623741313bf6da6bf4cdb9828be614a2ce9390ceb3f31cd535d661a75/nerfstudio/images_4/frame_00371.png,d9b637662374,69.1913,23.7535,76.0155,7.755665991398377,11.22079541675018
281,073f5a9b983ced6fb28b23051260558b165f328a16b2d33fe20585b7ee4ad561/nerfstudio/images_4/frame_00148.png,073f5a9b983ced6fb28b23051260558b165f328a16b2d33fe20585b7ee4ad561/nerfstudio/images_4/frame_00374.png,073f5a9b983c,62.9198,28.1251,67.9674,8.207283067906271,1.6650591997378703
282,b6d1134cb03c855d246f916beaa2d3d01290cf47937a5176011ff39b850ec615/nerfstudio/images_4/frame_00087.png,b6d1134cb03c855d246f916beaa2d3d01290cf47937a5176011ff39b850ec615/nerfstudio/images_4/frame_00341.png,b6d1134cb03c,59.5195,4.5322,63.4039,63.403885585185364,180.0
283,e78f8cebd2bd93d960bfaeac18fac0bb2524f15c44288903cd20b73e599e8a81/nerfstudio/images_4/frame_00014.png,e78f8cebd2bd93d960bfaeac18fac0bb2524f15c44288903cd20b73e599e8a81/nerfstudio/images_4/frame_00117.png,e78f8cebd2bd,71.8614,14.082,75.454,14.940853210833156,5.882585946875935
284,d9b6376623741313bf6da6bf4cdb9828be614a2ce9390ceb3f31cd535d661a75/nerfstudio/images_4/frame_00302.png,d9b6376623741313bf6da6bf4cdb9828be614a2ce9390ceb3f31cd535d661a75/nerfstudio/images_4/frame_00333.png,d9b637662374,73.9592,19.2773,75.6054,75.60539480528269,180.0
285,c37109a55effe0000f8e40652ca935376e75bcb2a0b56de8eabd20a26e2a0f68/nerfstudio/images_4/frame_00066.png,c37109a55effe0000f8e40652ca935376e75bcb2a0b56de8eabd20a26e2a0f68/nerfstudio/images_4/frame_00111.png,c37109a55eff,66.1285,2.673,66.5194,1.5391103734823224,3.4627761653288616
286,c37109a55effe0000f8e40652ca935376e75bcb2a0b56de8eabd20a26e2a0f68/nerfstudio/images_4/frame_00119.png,c37109a55effe0000f8e40652ca935376e75bcb2a0b56de8eabd20a26e2a0f68/nerfstudio/images_4/frame_00254.png,c37109a55eff,60.5725,11.1557,61.5762,3.227967506586699,4.006720277214274
287,e78f8cebd2bd93d960bfaeac18fac0bb2524f15c44288903cd20b73e599e8a81/nerfstudio/images_4/frame_00045.png,e78f8cebd2bd93d960bfaeac18fac0bb2524f15c44288903cd20b73e599e8a81/nerfstudio/images_4/frame_00141.png,e78f8cebd2bd,79.5814,0.3119,81.0934,16.452993437101345,7.625125784182575
288,cd9c981eeb4a9091547af19181b382698e9d9eee0a838c7c9783a8a268af6aee/nerfstudio/images_4/frame_00181.png,cd9c981eeb4a9091547af19181b382698e9d9eee0a838c7c9783a8a268af6aee/nerfstudio/images_4/frame_00283.png,cd9c981eeb4a,50.5873,26.8137,58.5855,69.20446915638804,95.28510760440095
289,dafa9c7cbda9d1ddaa8a2b51fc8c54f4eb44161f5e5c53685dc744580ca77751/nerfstudio/images_4/frame_00166.png,dafa9c7cbda9d1ddaa8a2b51fc8c54f4eb44161f5e5c53685dc744580ca77751/nerfstudio/images_4/frame_00218.png,dafa9c7cbda9,77.7141,3.8369,77.7006,77.70062596720555,180.0
290,d4fbeba0168af8fddb2fc695881787aedcd62f477c7dcec9ebca7b8594bbd95b/nerfstudio/images_4/frame_00076.png,d4fbeba0168af8fddb2fc695881787aedcd62f477c7dcec9ebca7b8594bbd95b/nerfstudio/images_4/frame_00261.png,d4fbeba0168a,84.7237,11.0084,85.5061,7.9576205196375165,4.538076116222212
291,b3bf9079b442c681749f6bd95cfb0659c6d844f2228b2f4fa4b602a0e3627b9a/nerfstudio/images_4/frame_00147.png,b3bf9079b442c681749f6bd95cfb0659c6d844f2228b2f4fa4b602a0e3627b9a/nerfstudio/images_4/frame_00314.png,b3bf9079b442,72.6774,10.6536,76.7375,9.494753904960124,7.537997081482535
292,073f5a9b983ced6fb28b23051260558b165f328a16b2d33fe20585b7ee4ad561/nerfstudio/images_4/frame_00015.png,073f5a9b983ced6fb28b23051260558b165f328a16b2d33fe20585b7ee4ad561/nerfstudio/images_4/frame_00172.png,073f5a9b983c,70.3697,6.9081,70.4396,11.757490256593865,6.69333295447027
293,9641a1ed7963ce5ca734cff3e6ccea3dfa8bcb0b0a3ff78f65d32a080de2d71e/nerfstudio/images_4/frame_00088.png,9641a1ed7963ce5ca734cff3e6ccea3dfa8bcb0b0a3ff78f65d32a080de2d71e/nerfstudio/images_4/frame_00167.png,9641a1ed7963,89.0668,6.2015,88.2427,5.8681907342866655,2.639190433400233
294,d4fbeba0168af8fddb2fc695881787aedcd62f477c7dcec9ebca7b8594bbd95b/nerfstudio/images_4/frame_00065.png,d4fbeba0168af8fddb2fc695881787aedcd62f477c7dcec9ebca7b8594bbd95b/nerfstudio/images_4/frame_00287.png,d4fbeba0168a,53.931,20.0653,57.6455,57.645512346487735,180.0
295,e78f8cebd2bd93d960bfaeac18fac0bb2524f15c44288903cd20b73e599e8a81/nerfstudio/images_4/frame_00151.png,e78f8cebd2bd93d960bfaeac18fac0bb2524f15c44288903cd20b73e599e8a81/nerfstudio/images_4/frame_00306.png,e78f8cebd2bd,82.3911,0.5254,83.2527,14.059516339346052,7.395435870725766
296,b6d1134cb03c855d246f916beaa2d3d01290cf47937a5176011ff39b850ec615/nerfstudio/images_4/frame_00130.png,b6d1134cb03c855d246f916beaa2d3d01290cf47937a5176011ff39b850ec615/nerfstudio/images_4/frame_00242.png,b6d1134cb03c,87.7248,16.2612,89.5691,8.152948630877027,2.711830328749618
297,493816813d2d6d248eb3c2b0b77b63e54235266e9a06e270fd0d282f13960493/nerfstudio/images_4/frame_00005.png,493816813d2d6d248eb3c2b0b77b63e54235266e9a06e270fd0d282f13960493/nerfstudio/images_4/frame_00309.png,493816813d2d,88.8783,10.2076,89.3511,4.827428930211348,2.316371253741542
298,493816813d2d6d248eb3c2b0b77b63e54235266e9a06e270fd0d282f13960493/nerfstudio/images_4/frame_00250.png,493816813d2d6d248eb3c2b0b77b63e54235266e9a06e270fd0d282f13960493/nerfstudio/images_4/frame_00268.png,493816813d2d,58.0689,4.2835,57.6689,2.7912065003400794,5.394525909150097
299,073f5a9b983ced6fb28b23051260558b165f328a16b2d33fe20585b7ee4ad561/nerfstudio/images_4/frame_00051.png,073f5a9b983ced6fb28b23051260558b165f328a16b2d33fe20585b7ee4ad561/nerfstudio/images_4/frame_00271.png,073f5a9b983c,56.3329,18.4577,59.71,17.699376027613702,12.894732821211022
